"Data","Último","Abertura","Máxima","Mínima","Vol.","Var%"
"25.11.2025","14,000","14,140","14,691","13,700","24,02K","-0,36%"
"24.11.2025","14,050","13,160","14,195","13,160","43,68K","7,58%"
"21.11.2025","13,060","13,250","13,270","12,840","24,80K","-0,15%"
"20.11.2025","13,080","13,270","13,430","12,760","83,75K","0,38%"
"19.11.2025","13,030","13,328","13,344","13,010","39,28K","0,23%"
"18.11.2025","13,000","13,100","13,500","12,940","67,68K","-0,54%"
"17.11.2025","13,070","12,970","13,230","12,855","115,62K","0,38%"
"14.11.2025","13,020","12,850","13,195","12,850","32,84K","0,31%"
"13.11.2025","12,980","12,890","13,115","12,720","44,67K","-0,54%"
"12.11.2025","13,050","12,710","13,450","12,680","65,98K","-1,51%"
"11.11.2025","13,250","13,100","13,250","13,000","58,90K","1,07%"
"10.11.2025","13,110","12,900","13,240","12,800","46,76K","-0,15%"
"07.11.2025","13,130","13,110","13,200","12,870","144,46K","0,23%"
"06.11.2025","13,100","12,440","13,190","12,440","111,93K","5,39%"
"05.11.2025","12,430","12,420","12,941","12,420","44,48K","-0,08%"
"04.11.2025","12,440","12,360","12,650","12,100","101,07K","0,73%"
"03.11.2025","12,350","12,740","12,740","12,000","109,94K","-3,14%"
"31.10.2025","12,750","12,420","12,840","12,420","29,29K","1,92%"
"30.10.2025","12,510","12,710","12,755","12,300","62,32K","0,08%"
"29.10.2025","12,500","12,510","12,870","12,390","30,62K","0,00%"
"28.10.2025","12,500","12,930","13,270","12,307","57,92K","-3,85%"
"27.10.2025","13,000","12,800","13,110","12,500","32,59K","2,44%"
"24.10.2025","12,690","12,950","13,200","12,525","56,96K","-0,78%"
"23.10.2025","12,790","12,570","13,000","12,365","83,12K","0,47%"
"22.10.2025","12,730","12,650","12,780","11,955","80,67K","0,63%"
"21.10.2025","12,650","12,555","12,980","12,420","56,37K","0,96%"
"20.10.2025","12,530","12,530","12,845","12,390","79,73K","-0,08%"
"17.10.2025","12,540","12,210","12,675","11,685","115,48K","1,54%"
"16.10.2025","12,350","11,300","12,550","11,260","608,27K","9,39%"
"15.10.2025","11,290","10,520","11,828","10,520","91,17K","8,66%"
"14.10.2025","10,390","10,130","10,480","9,810","115,01K","1,37%"
"13.10.2025","10,250","11,510","12,271","10,100","182,50K","-9,69%"
"10.10.2025","11,350","12,180","12,180","11,280","75,21K","-7,50%"
"09.10.2025","12,270","12,100","12,575","12,015","43,11K","1,74%"
"08.10.2025","12,060","11,390","12,430","11,390","186,25K","6,82%"
"07.10.2025","11,290","11,700","11,700","10,960","176,09K","-2,67%"
"06.10.2025","11,600","11,860","11,915","11,590","42,06K","-1,02%"
"03.10.2025","11,720","12,190","12,190","11,530","99,45K","-2,58%"
"02.10.2025","12,030","12,020","12,240","11,830","44,28K","1,09%"
"01.10.2025","11,900","11,900","12,419","11,845","175,34K","0,08%"
"30.09.2025","11,890","12,250","12,495","11,550","72,66K","-3,25%"
"29.09.2025","12,290","12,540","12,800","12,020","74,30K","-1,13%"
"26.09.2025","12,430","12,210","12,655","12,170","42,91K","0,16%"
"25.09.2025","12,410","12,900","12,960","12,270","68,27K","-4,39%"
"24.09.2025","12,980","12,970","13,260","12,890","73,67K","0,23%"
"23.09.2025","12,950","13,270","13,270","12,740","153,11K","-1,22%"
"22.09.2025","13,110","12,610","13,500","12,610","155,67K","1,47%"
"19.09.2025","12,920","13,200","13,200","12,515","555,55K","-0,15%"
"18.09.2025","12,940","12,675","13,200","12,675","157,86K","1,09%"
"17.09.2025","12,800","12,250","13,205","12,250","212,06K","2,40%"
"16.09.2025","12,500","12,030","12,900","12,030","105,33K","2,29%"
"15.09.2025","12,220","12,760","12,930","12,070","68,80K","-2,16%"
"12.09.2025","12,490","12,380","12,980","12,090","103,62K","-0,48%"
"11.09.2025","12,550","12,260","13,005","12,260","236,26K","2,62%"
"10.09.2025","12,230","12,530","13,030","12,093","161,06K","-2,55%"
"09.09.2025","12,550","12,690","13,120","12,540","75,53K","-3,09%"
"08.09.2025","12,950","13,850","13,880","12,780","91,48K","-9,06%"
"05.09.2025","14,240","13,880","14,495","13,710","137,89K","4,02%"
"04.09.2025","13,690","13,370","13,800","13,010","64,24K","3,48%"
"03.09.2025","13,230","13,450","13,680","12,960","92,91K","-3,29%"
"02.09.2025","13,680","14,495","14,740","13,430","109,85K","-5,00%"
"29.08.2025","14,400","14,100","14,585","13,760","49,64K","1,77%"
"28.08.2025","14,150","14,600","14,865","13,860","52,67K","-0,70%"
"27.08.2025","14,250","14,885","14,885","14,200","61,15K","-1,52%"
"26.08.2025","14,470","14,900","16,000","14,270","122,50K","-1,56%"
"25.08.2025","14,700","15,770","15,770","14,550","98,38K","-2,39%"
"22.08.2025","15,060","14,730","15,500","14,730","44,95K","4,58%"
"21.08.2025","14,400","14,210","14,630","13,810","44,93K","4,35%"
"20.08.2025","13,800","13,500","13,990","13,500","61,67K","1,47%"
"19.08.2025","13,600","13,920","14,255","13,510","53,46K","-1,38%"
"18.08.2025","13,790","13,800","14,000","13,396","471,92K","0,00%"
"15.08.2025","13,790","14,190","14,190","13,750","31,92K","-1,01%"
"14.08.2025","13,930","13,940","14,000","13,860","56,60K","0,22%"
"13.08.2025","13,900","13,480","14,250","13,360","208,86K","7,09%"
"12.08.2025","12,980","12,920","13,293","12,850","95,27K","0,62%"
"11.08.2025","12,900","13,520","13,520","12,445","64,71K","0,39%"
"08.08.2025","12,850","10,830","12,920","10,830","44,50K","16,82%"
"07.08.2025","11,000","11,210","11,305","10,920","101,51K","0,00%"
"06.08.2025","11,000","11,770","11,770","10,900","34,92K","-5,17%"
"05.08.2025","11,600","11,840","11,940","11,400","135,40K","-2,03%"
"04.08.2025","11,840","12,146","12,203","11,326","130,63K","-1,33%"
"01.08.2025","12,000","12,110","12,420","11,890","68,16K","-3,38%"
"31.07.2025","12,420","12,320","12,796","12,320","73,31K","-1,43%"
"30.07.2025","12,600","12,300","13,050","12,300","122,59K","2,44%"
"29.07.2025","12,300","13,260","13,421","12,080","83,74K","-7,17%"
"28.07.2025","13,250","13,040","13,445","13,040","61,96K","-0,30%"
"25.07.2025","13,290","13,090","13,500","13,000","81,45K","2,07%"
"24.07.2025","13,020","13,370","13,370","12,700","120,13K","-1,21%"
"23.07.2025","13,180","12,900","13,415","12,690","120,71K","1,07%"
"22.07.2025","13,040","13,390","13,510","12,830","79,36K","-1,21%"
"21.07.2025","13,200","13,510","13,590","12,640","125,98K","-1,05%"
"18.07.2025","13,340","13,030","14,013","13,030","120,16K","2,46%"
"17.07.2025","13,020","13,190","13,620","12,690","124,92K","-0,91%"
"16.07.2025","13,140","11,810","13,883","11,765","222,37K","11,88%"
"15.07.2025","11,745","12,800","13,038","11,510","180,67K","-8,24%"
"14.07.2025","12,800","13,420","13,850","12,700","140,27K","-1,23%"
"11.07.2025","12,960","13,130","13,815","12,705","342,76K","-4,00%"
"10.07.2025","13,500","14,840","14,850","13,420","321,49K","-8,72%"
"09.07.2025","14,790","15,300","15,435","14,690","87,76K","-1,99%"
"08.07.2025","15,090","15,660","16,020","14,751","114,06K","-1,31%"
"07.07.2025","15,290","15,950","16,025","15,010","103,99K","-3,78%"
"03.07.2025","15,890","15,860","16,980","15,360","171,07K","2,22%"
"02.07.2025","15,545","16,250","17,390","15,140","106,46K","-3,75%"
"01.07.2025","16,150","16,130","16,735","16,060","66,80K","0,06%"
"30.06.2025","16,140","16,000","17,100","15,800","50,45K","1,51%"
"27.06.2025","15,900","16,820","17,690","15,900","54,40K","-5,92%"
"26.06.2025","16,900","15,510","18,890","15,510","109,25K","-6,11%"
"25.06.2025","18,000","16,000","21,400","15,490","126,20K","19,48%"
"24.06.2025","15,065","16,972","16,990","14,700","29,56K","-1,54%"
"23.06.2025","15,300","15,000","20,990","14,330","38,16K","2,00%"
"20.06.2025","15,000","15,860","15,990","14,885","15,55K","2,60%"
"18.06.2025","14,620","11,060","15,810","11,060","97,59K","10,17%"
"17.06.2025","13,270","15,960","15,960","12,920","18,83K","-15,99%"
"16.06.2025","15,795","19,320","19,320","14,910","21,76K","0,61%"
"13.06.2025","15,700","16,720","17,000","15,300","10,69K","-5,42%"
"12.06.2025","16,600","16,100","17,250","15,350","18,87K","0,00%"
"11.06.2025","16,600","17,910","17,910","16,000","17,92K","-2,58%"
"10.06.2025","17,040","17,160","17,500","15,150","18,71K","-3,51%"
"09.06.2025","17,660","17,930","18,400","17,220","29,95K","-8,88%"
"06.06.2025","19,380","20,850","21,180","17,740","587,06K","-2,42%"
"05.06.2025","19,860","20,000","20,790","19,860","275,07K","-5,43%"
"04.06.2025","21,000","20,600","21,740","20,050","3,08K","0,48%"
"03.06.2025","20,900","20,120","21,300","20,030","2,45K","3,47%"
"02.06.2025","20,200","20,800","21,960","19,550","4,53K","-3,76%"
"30.05.2025","20,990","21,250","22,300","20,310","5,87K","-1,55%"
"29.05.2025","21,320","21,900","21,900","19,680","4,05K","-2,29%"
"28.05.2025","21,820","22,500","23,260","20,390","7,93K","-4,63%"
"27.05.2025","22,880","24,000","25,000","21,760","5,37K","-6,31%"
"23.05.2025","24,420","23,800","24,740","23,510","1,24K","-1,53%"
"22.05.2025","24,800","24,780","25,140","24,380","1,01K","-0,08%"
"21.05.2025","24,820","26,000","26,950","24,760","1,70K","-5,16%"
"20.05.2025","26,170","26,800","27,500","24,910","3,20K","0,73%"
"19.05.2025","25,980","23,300","26,000","23,300","1,36K","5,18%"
"16.05.2025","24,700","25,310","26,700","24,700","1,74K","-1,12%"
"15.05.2025","24,980","23,180","24,990","23,180","7,71K","4,52%"
"14.05.2025","23,900","26,500","26,500","23,210","5,70K","-5,50%"
"13.05.2025","25,290","26,140","26,140","24,755","2,84K","-1,52%"
"12.05.2025","25,680","24,700","26,350","24,130","4,55K","6,91%"
"09.05.2025","24,020","25,070","25,570","23,770","1,44K","-0,95%"
"08.05.2025","24,250","25,000","25,750","23,400","2,18K","0,37%"
"07.05.2025","24,160","24,900","24,900","24,000","0,84K","0,21%"
"06.05.2025","24,110","27,470","27,970","23,500","5,76K","-12,23%"
"05.05.2025","27,470","27,300","28,770","26,550","2,11K","5,01%"
"02.05.2025","26,160","25,490","27,800","25,490","3,95K","-0,46%"
"01.05.2025","26,280","25,000","26,640","23,800","2,21K","4,49%"
"30.04.2025","25,150","24,350","26,520","23,510","3,64K","6,48%"
"29.04.2025","23,620","25,670","26,130","22,750","6,80K","-9,33%"
"28.04.2025","26,050","25,930","27,110","25,650","1,60K","-0,19%"
"25.04.2025","26,100","25,000","27,500","24,820","6,58K","4,11%"
"24.04.2025","25,070","24,840","26,420","24,110","10,60K","5,03%"
"23.04.2025","23,870","27,000","27,430","23,490","35,48K","5,39%"
"22.04.2025","22,650","22,080","23,000","22,080","0,68K","2,95%"
"21.04.2025","22,000","22,270","22,300","21,080","0,87K","-1,35%"
"17.04.2025","22,300","22,550","23,190","21,600","0,37K","0,45%"
"16.04.2025","22,200","23,000","23,255","22,000","0,82K","-2,55%"
"15.04.2025","22,780","22,000","23,000","21,870","1,34K","2,61%"
"14.04.2025","22,200","19,770","22,770","19,770","5,68K","9,96%"
"11.04.2025","20,190","19,270","20,560","19,000","1,25K","3,75%"
"10.04.2025","19,460","19,800","20,400","19,000","1,56K","1,25%"
"09.04.2025","19,220","17,830","20,300","17,420","2,37K","4,57%"
"08.04.2025","18,380","18,800","20,100","17,810","3,99K","4,25%"
"07.04.2025","17,630","18,000","18,410","17,040","5,01K","-2,06%"
"04.04.2025","18,000","18,110","20,120","17,527","8,83K","-2,76%"
"03.04.2025","18,510","21,000","21,000","18,260","2,62K","-11,73%"
"02.04.2025","20,970","20,100","21,900","19,000","2,35K","4,28%"
"01.04.2025","20,110","20,900","21,300","20,110","2,29K","-4,24%"
"31.03.2025","21,000","21,700","21,700","21,000","2,02K","-3,76%"
"28.03.2025","21,820","24,730","24,730","21,820","4,89K","-10,68%"
"27.03.2025","24,430","24,410","24,620","23,770","0,84K","0,08%"
"26.03.2025","24,410","25,690","26,300","24,090","1,92K","-5,24%"
"25.03.2025","25,760","26,100","26,500","25,160","1,06K","-2,31%"
"24.03.2025","26,370","26,200","27,070","26,190","2,07K","-2,33%"
"21.03.2025","27,000","27,700","27,750","25,560","6,05K","-0,52%"
"20.03.2025","27,140","27,860","28,500","27,140","1,73K","-2,02%"
"19.03.2025","27,700","27,500","28,500","26,605","1,98K","2,25%"
"18.03.2025","27,090","26,120","27,830","26,120","1,54K","0,59%"
"17.03.2025","26,930","26,060","28,000","26,060","2,30K","2,12%"
"14.03.2025","26,370","26,700","27,300","26,300","1,72K","1,58%"
"13.03.2025","25,960","25,000","26,780","24,760","2,38K","0,23%"
"12.03.2025","25,900","26,000","26,490","24,000","2,77K","-1,71%"
"11.03.2025","26,350","25,940","26,990","24,800","1,60K","0,96%"
"10.03.2025","26,100","27,000","27,100","25,790","1,71K","-4,22%"
"07.03.2025","27,250","25,930","27,840","25,340","1,50K","2,68%"
"06.03.2025","26,540","26,700","27,130","25,020","3,84K","-0,67%"
"05.03.2025","26,720","24,540","27,270","24,140","1,60K","8,49%"
"04.03.2025","24,630","25,700","25,700","24,380","3,12K","-4,79%"
"03.03.2025","25,870","26,380","26,960","25,850","3,98K","-4,82%"
"28.02.2025","27,180","25,310","27,700","25,260","4,43K","4,18%"
"27.02.2025","26,090","27,940","28,840","25,290","4,70K","-7,35%"
"26.02.2025","28,160","25,630","29,060","25,630","3,76K","3,83%"
"25.02.2025","27,120","27,370","28,490","26,590","5,67K","-3,35%"
"24.02.2025","28,060","28,410","29,230","27,510","10,31K","-4,85%"
"21.02.2025","29,490","28,200","30,990","28,100","11,20K","-2,19%"
"20.02.2025","30,150","27,910","31,140","25,390","23,00K","-3,02%"
"19.02.2025","31,090","31,520","33,030","28,730","42,61K","-13,40%"
"18.02.2025","35,900","35,110","37,000","30,610","470,12K","23,79%"
"14.02.2025","29,000","29,000","30,000","26,000","131,36K","2,18%"
"13.02.2025","28,380","25,000","29,000","25,000","7,30K","9,24%"
"12.02.2025","25,980","26,770","27,870","25,715","1,25K","-5,87%"
"11.02.2025","27,600","25,180","28,000","25,010","3,26K","5,87%"
"10.02.2025","26,070","27,370","27,700","25,610","1,44K","-1,66%"
"07.02.2025","26,510","27,000","27,190","26,100","2,48K","-2,50%"
"06.02.2025","27,190","29,000","29,000","26,132","2,00K","-2,54%"
"05.02.2025","27,900","26,290","28,599","26,290","2,70K","2,95%"
"04.02.2025","27,100","26,200","27,470","25,510","2,71K","3,44%"
"03.02.2025","26,200","23,500","26,630","23,440","2,42K","-2,31%"
"31.01.2025","26,820","30,000","30,000","26,280","3,60K","-6,75%"
"30.01.2025","28,760","25,400","28,990","25,400","10,94K","13,86%"
"29.01.2025","25,260","25,320","25,670","24,260","1,78K","0,16%"
"28.01.2025","25,220","25,640","26,610","25,000","0,84K","-2,44%"
"27.01.2025","25,850","27,230","27,230","25,300","2,00K","-5,07%"
"24.01.2025","27,230","26,500","27,440","26,000","2,38K","0,93%"
"23.01.2025","26,980","25,250","26,980","25,020","1,29K","4,98%"
"22.01.2025","25,700","25,710","27,440","25,700","1,88K","-2,24%"
"21.01.2025","26,290","26,500","26,500","25,000","1,38K","1,12%"
"17.01.2025","26,000","25,300","27,500","25,300","2,26K","3,09%"
"16.01.2025","25,220","25,460","26,260","25,000","1,45K","-0,55%"
"15.01.2025","25,360","25,000","25,730","24,060","1,82K","1,00%"
"14.01.2025","25,110","24,800","26,130","24,220","1,06K","0,08%"
"13.01.2025","25,090","25,710","26,290","23,550","2,49K","-5,32%"
"10.01.2025","26,500","26,430","27,180","26,000","1,57K","-4,26%"
"08.01.2025","27,680","27,470","29,920","25,500","5,47K","-2,57%"
"07.01.2025","28,410","29,000","29,500","27,720","4,36K","0,04%"
"06.01.2025","28,400","29,200","29,880","28,000","5,12K","2,53%"
"03.01.2025","27,700","26,480","29,530","26,120","6,03K","8,50%"
"02.01.2025","25,530","24,970","28,510","24,310","5,55K","2,53%"
"31.12.2024","24,900","25,900","26,210","23,500","8,29K","0,12%"
"30.12.2024","24,870","24,800","26,600","23,660","9,71K","5,20%"
"27.12.2024","23,640","25,960","26,070","23,160","8,26K","-7,44%"
"26.12.2024","25,540","23,400","25,790","22,010","7,16K","5,54%"
"24.12.2024","24,200","20,500","24,240","20,500","4,07K","11,78%"
"23.12.2024","21,650","23,900","23,900","21,340","3,23K","-7,44%"
"20.12.2024","23,390","20,000","24,740","20,000","10,35K","13,82%"
"19.12.2024","20,550","22,200","23,500","19,120","12,52K","-7,39%"
"18.12.2024","22,190","24,000","24,850","22,120","5,53K","-4,80%"
"17.12.2024","23,310","23,300","24,300","20,980","5,10K","-2,83%"
"16.12.2024","23,990","22,250","24,480","22,060","7,43K","0,46%"
"13.12.2024","23,880","24,100","25,940","23,310","6,30K","-3,20%"
"12.12.2024","24,670","26,000","28,040","24,590","10,06K","-12,02%"
"11.12.2024","28,040","28,060","29,290","27,280","3,54K","-4,27%"
"10.12.2024","29,290","29,290","32,000","28,110","9,41K","-3,01%"
"09.12.2024","30,200","29,860","33,820","28,970","12,28K","2,55%"
"06.12.2024","29,450","27,000","29,972","27,000","5,92K","3,15%"
"05.12.2024","28,550","29,200","30,000","28,310","6,83K","-5,15%"
"04.12.2024","30,100","31,000","31,000","29,310","2,57K","-2,87%"
"03.12.2024","30,990","31,000","32,509","29,710","6,84K","-5,92%"
"02.12.2024","32,940","34,650","36,620","32,010","6,95K","-5,04%"
"29.11.2024","34,690","31,250","36,200","30,940","12,59K","10,80%"
"27.11.2024","31,310","30,000","32,710","29,640","8,91K","-2,46%"
"26.11.2024","32,100","30,300","33,940","29,010","12,09K","11,77%"
"25.11.2024","28,720","28,790","31,770","27,500","67,17K","-9,34%"
"22.11.2024","31,680","35,000","35,000","31,130","7,01K","-1,00%"
"21.11.2024","32,000","31,800","32,650","30,560","10,08K","-3,03%"
"20.11.2024","33,000","35,030","36,900","31,040","34,82K","-12,95%"
"19.11.2024","37,910","41,000","42,200","37,230","15,64K","-8,69%"
"18.11.2024","41,520","42,250","44,770","40,700","23,90K","-0,19%"
"15.11.2024","41,600","39,940","43,620","39,190","18,12K","4,16%"
"14.11.2024","39,940","40,600","41,480","37,330","9,78K","-0,65%"
"13.11.2024","40,200","41,920","41,920","38,900","10,52K","1,64%"
"12.11.2024","39,550","41,760","41,760","39,550","9,71K","-5,29%"
"11.11.2024","41,760","41,850","42,590","38,510","22,36K","1,26%"
"08.11.2024","41,240","38,000","41,810","38,000","18,67K","-1,83%"
"07.11.2024","42,010","38,000","44,490","38,000","38,78K","11,58%"
"06.11.2024","37,650","38,000","38,850","34,420","26,15K","-3,46%"
"05.11.2024","39,000","41,610","41,610","38,320","15,35K","-4,88%"
"04.11.2024","41,000","32,500","41,000","31,010","44,85K","7,16%"
"01.11.2024","38,260","40,950","42,070","37,500","39,75K","-5,97%"
"31.10.2024","40,690","45,360","47,000","36,580","136,51K","-10,87%"
"30.10.2024","45,650","43,600","53,600","41,600","448,66K","-6,84%"
"29.10.2024","49,000","38,210","63,000","32,110","11,22M","191,32%"
"28.10.2024","16,820","17,000","18,190","16,820","9,71K","-2,77%"
"25.10.2024","17,300","16,700","17,570","16,365","11,33K","-0,46%"
"24.10.2024","17,380","18,500","20,770","16,640","37,61K","-2,08%"
"23.10.2024","17,750","16,800","18,540","16,510","20,87K","7,58%"
"22.10.2024","16,500","15,800","17,140","15,700","10,05K","3,13%"
"21.10.2024","16,000","15,850","16,830","15,700","7,69K","1,01%"
"18.10.2024","15,840","15,900","16,260","15,210","3,86K","-0,06%"
"17.10.2024","15,850","16,000","16,550","15,100","7,09K","1,02%"
"16.10.2024","15,690","15,240","16,530","15,230","27,38K","2,95%"
"15.10.2024","15,240","14,500","15,800","14,500","3,44K","2,56%"
"14.10.2024","14,860","15,000","15,200","14,750","2,02K","-1,00%"
"11.10.2024","15,010","14,100","16,590","14,100","15,35K","4,02%"
"10.10.2024","14,430","14,300","14,630","14,100","3,28K","0,56%"
"09.10.2024","14,350","15,000","15,190","14,060","7,15K","-6,09%"
"08.10.2024","15,280","15,600","15,600","15,000","2,44K","-2,05%"
"07.10.2024","15,600","15,700","15,750","15,200","3,20K","-2,38%"
"04.10.2024","15,980","16,000","16,250","15,860","2,26K","-0,25%"
"03.10.2024","16,020","15,400","16,280","15,400","4,85K","4,03%"
"02.10.2024","15,400","16,500","16,500","14,630","9,18K","-7,12%"
"01.10.2024","16,580","16,900","16,900","16,300","3,69K","-1,89%"
"30.09.2024","16,900","16,500","17,150","16,200","4,71K","1,20%"
"27.09.2024","16,700","17,050","17,050","16,360","3,63K","-2,05%"
"26.09.2024","17,050","15,940","17,130","15,910","11,57K","6,90%"
"25.09.2024","15,950","16,450","16,450","15,900","2,37K","-3,04%"
"24.09.2024","16,450","16,450","16,450","16,000","2,36K","0,00%"
"23.09.2024","16,450","16,640","16,640","16,100","6,86K","-0,18%"
"20.09.2024","16,480","17,340","17,550","16,400","3,99K","-3,06%"
"19.09.2024","17,000","16,500","17,900","16,450","4,31K","3,66%"
"18.09.2024","16,400","16,500","17,620","16,210","18,30K","-0,61%"
"17.09.2024","16,500","16,300","16,930","16,300","2,73K","1,73%"
"16.09.2024","16,220","17,050","17,050","16,140","3,53K","-4,59%"
"13.09.2024","17,000","16,200","18,300","16,070","5,40K","3,66%"
"12.09.2024","16,400","16,300","16,400","15,800","4,84K","0,99%"
"11.09.2024","16,240","16,500","16,810","16,100","3,89K","2,33%"
"10.09.2024","15,870","16,510","16,590","15,700","5,80K","-2,82%"
"09.09.2024","16,330","15,500","16,330","15,500","3,81K","3,95%"
"06.09.2024","15,710","16,310","16,940","15,500","4,05K","-4,56%"
"05.09.2024","16,460","16,600","16,700","16,100","4,00K","2,36%"
"04.09.2024","16,080","16,980","16,980","15,780","5,29K","-5,47%"
"03.09.2024","17,010","18,000","18,330","17,010","5,22K","-3,52%"
"30.08.2024","17,630","17,800","17,900","17,000","5,74K","1,79%"
"29.08.2024","17,320","16,600","17,980","16,600","8,07K","1,88%"
"28.08.2024","17,000","16,000","17,680","16,000","15,40K","-5,56%"
"27.08.2024","18,000","19,300","19,300","17,200","9,53K","-4,76%"
"26.08.2024","18,900","19,250","19,770","18,560","15,29K","-0,53%"
"23.08.2024","19,000","18,490","20,450","18,400","10,42K","2,70%"
"22.08.2024","18,500","19,000","19,000","18,000","9,20K","0,00%"
"21.08.2024","18,500","18,560","18,900","17,600","13,44K","0,00%"
"20.08.2024","18,500","17,220","21,000","16,800","40,42K","8,70%"
"19.08.2024","17,020","17,100","18,630","16,520","27,32K","-4,49%"
"16.08.2024","17,820","18,000","18,300","17,490","9,60K","-0,56%"
"15.08.2024","17,920","17,080","18,490","16,990","13,80K","2,58%"
"14.08.2024","17,470","18,100","18,390","17,230","9,01K","-2,94%"
"13.08.2024","18,000","18,000","18,600","17,610","16,94K","2,33%"
"12.08.2024","17,590","18,200","18,550","17,110","11,72K","-2,28%"
"09.08.2024","18,000","18,000","18,710","17,500","10,42K","-4,05%"
"08.08.2024","18,760","17,700","19,800","17,600","16,78K","7,57%"
"07.08.2024","17,440","18,100","19,190","17,110","10,78K","-2,68%"
"06.08.2024","17,920","18,800","19,130","17,500","9,05K","-2,66%"
"05.08.2024","18,410","18,100","19,100","17,330","10,09K","-9,31%"
"02.08.2024","20,300","21,000","21,000","19,200","14,90K","-6,02%"
"01.08.2024","21,600","21,500","22,990","21,470","9,29K","-0,46%"
"31.07.2024","21,700","22,000","22,570","20,370","20,93K","-0,46%"
"30.07.2024","21,800","23,770","24,130","20,990","46,53K","-6,52%"
"29.07.2024","23,320","24,320","24,320","22,960","15,46K","-3,32%"
"26.07.2024","24,120","23,100","24,690","23,020","14,58K","2,55%"
"25.07.2024","23,520","24,550","25,499","20,220","61,98K","-24,20%"
"24.07.2024","31,030","30,500","31,770","29,310","5,27K","0,78%"
"23.07.2024","30,790","32,000","32,100","28,000","7,61K","-4,94%"
"22.07.2024","32,390","29,280","33,000","28,000","21,29K","13,89%"
"19.07.2024","28,440","28,730","29,640","28,220","4,21K","-3,98%"
"18.07.2024","29,620","30,740","30,740","29,410","3,40K","-2,76%"
"17.07.2024","30,460","31,980","32,100","29,670","8,11K","-3,64%"
"16.07.2024","31,610","32,800","32,800","31,010","10,47K","1,97%"
"15.07.2024","31,000","28,700","31,920","28,500","13,06K","7,56%"
"12.07.2024","28,820","28,960","29,700","28,270","6,57K","-2,07%"
"11.07.2024","29,430","28,210","30,700","27,600","11,94K","4,29%"
"10.07.2024","28,220","27,200","29,910","27,200","15,11K","3,37%"
"09.07.2024","27,300","27,900","28,267","27,100","5,86K","-2,19%"
"08.07.2024","27,910","26,300","29,400","26,200","17,90K","4,92%"
"05.07.2024","26,600","27,300","27,490","26,300","9,13K","-2,60%"
"03.07.2024","27,310","26,870","28,200","26,410","14,57K","1,60%"
"02.07.2024","26,880","29,600","29,600","26,800","11,83K","-9,22%"
"01.07.2024","29,610","27,600","29,800","27,600","13,21K","5,15%"
"28.06.2024","28,160","30,000","30,950","28,000","21,29K","-11,22%"
"27.06.2024","31,720","27,500","32,000","26,750","43,97K","8,67%"
"26.06.2024","29,190","30,470","30,660","27,600","85,57K","-12,60%"
"25.06.2024","33,400","40,100","43,800","31,270","1,22M","25,28%"
"24.06.2024","26,660","26,000","27,350","26,000","279,59K","3,61%"
"21.06.2024","25,730","25,570","27,480","25,300","10,23K","2,92%"
"20.06.2024","25,000","24,520","27,000","23,500","9,06K","3,31%"
"18.06.2024","24,200","24,000","25,570","23,620","8,51K","1,89%"
"17.06.2024","23,750","26,000","26,280","23,750","9,22K","-9,70%"
"14.06.2024","26,300","27,190","28,070","26,000","5,52K","-2,77%"
"13.06.2024","27,050","26,010","27,280","26,010","4,97K","2,85%"
"12.06.2024","26,300","27,720","29,000","26,130","9,23K","-1,35%"
"11.06.2024","26,660","26,130","28,000","26,060","5,62K","2,97%"
"10.06.2024","25,890","26,000","26,050","25,610","2,71K","0,58%"
"07.06.2024","25,740","26,600","26,690","25,100","5,78K","-1,11%"
"06.06.2024","26,030","27,900","28,300","25,500","12,93K","-3,95%"
"05.06.2024","27,100","28,900","28,900","27,034","10,54K","-7,79%"
"04.06.2024","29,390","30,000","30,000","27,150","33,68K","7,38%"
"03.06.2024","27,370","27,450","28,500","26,855","4,61K","1,00%"
"31.05.2024","27,100","27,200","28,000","27,030","3,97K","-1,09%"
"30.05.2024","27,400","26,000","28,000","26,000","8,85K","6,82%"
"29.05.2024","25,650","27,000","27,000","25,560","5,36K","-3,93%"
"28.05.2024","26,700","26,750","27,000","26,000","6,67K","-1,11%"
"24.05.2024","27,000","27,010","28,150","26,300","9,81K","-1,17%"
"23.05.2024","27,320","28,000","28,910","26,200","15,02K","-3,22%"
"22.05.2024","28,230","28,000","29,200","27,060","9,60K","2,51%"
"21.05.2024","27,540","28,840","29,000","27,540","12,01K","-4,67%"
"20.05.2024","28,890","29,200","29,900","27,500","16,76K","-3,51%"
"17.05.2024","29,940","28,300","31,000","28,300","27,13K","6,51%"
"16.05.2024","28,110","26,790","28,610","26,790","9,13K","4,11%"
"15.05.2024","27,000","28,390","28,570","27,000","12,25K","-2,17%"
"14.05.2024","27,600","26,000","27,600","25,920","16,88K","5,18%"
"13.05.2024","26,240","27,550","27,580","26,200","14,85K","-1,58%"
"10.05.2024","26,660","28,000","28,360","25,600","43,54K","-10,54%"
"09.05.2024","29,800","31,190","31,800","29,800","29,89K","-0,13%"
"08.05.2024","29,840","30,000","32,460","29,840","35,13K","-2,29%"
"07.05.2024","30,540","33,000","33,220","27,000","71,19K","-3,20%"
"06.05.2024","31,550","35,360","42,000","31,200","409,95K","-82,76%"
"03.05.2024","183,000","167,000","184,000","163,000","11,54K","6,40%"
"02.05.2024","172,000","168,000","178,000","167,000","8,59K","6,17%"
"01.05.2024","162,000","180,000","193,000","162,000","9,82K","-10,00%"
"30.04.2024","180,000","156,000","190,000","151,000","14,50K","16,13%"
"29.04.2024","155,000","164,000","173,000","154,000","11,41K","-5,49%"
"26.04.2024","164,000","168,000","176,000","162,500","10,15K","-4,09%"
"25.04.2024","171,000","180,000","181,050","169,500","5,48K","-7,82%"
"24.04.2024","185,500","199,000","199,000","179,000","6,65K","1,09%"
"23.04.2024","183,500","180,000","186,000","174,000","12,32K","1,94%"
"22.04.2024","180,000","194,000","205,000","180,000","14,78K","-6,49%"
"19.04.2024","192,500","217,000","217,000","188,000","11,69K","-10,88%"
"18.04.2024","216,000","229,000","235,770","215,000","8,76K","-5,26%"
"17.04.2024","228,000","216,000","239,000","216,000","8,46K","6,05%"
"16.04.2024","215,000","224,000","233,000","214,000","5,99K","-4,66%"
"15.04.2024","225,500","240,000","246,500","222,000","7,64K","-6,04%"
"12.04.2024","240,000","250,000","253,000","232,000","5,20K","-4,19%"
"11.04.2024","250,500","257,000","257,000","248,000","4,85K","2,24%"
"10.04.2024","245,000","268,000","273,000","242,000","9,59K","-8,58%"
"09.04.2024","268,000","262,000","271,000","259,000","7,64K","3,47%"
"08.04.2024","259,000","281,000","281,000","256,000","6,99K","-5,82%"
"05.04.2024","275,000","281,000","283,000","266,000","3,95K","1,48%"
"04.04.2024","271,000","279,000","286,000","268,000","4,05K","-1,99%"
"03.04.2024","276,500","300,000","302,000","272,000","5,86K","-6,59%"
"02.04.2024","296,000","301,000","316,000","291,000","3,92K","-2,63%"
"01.04.2024","304,000","306,000","314,000","300,000","7,20K","1,33%"
"28.03.2024","300,000","307,000","311,000","290,000","6,53K","-5,66%"
"27.03.2024","318,000","291,000","318,000","281,000","6,75K","11,58%"
"26.03.2024","285,000","286,000","289,000","278,000","2,27K","1,06%"
"25.03.2024","282,000","297,000","302,000","277,000","3,20K","-3,75%"
"22.03.2024","293,000","290,000","302,000","285,030","2,06K","1,74%"
"21.03.2024","288,000","303,000","314,000","287,000","2,89K","-5,57%"
"20.03.2024","305,000","296,000","310,000","287,000","6,33K","4,10%"
"19.03.2024","293,000","278,000","303,000","277,000","4,32K","4,64%"
"18.03.2024","280,000","261,000","287,000","258,010","4,68K","9,38%"
"15.03.2024","256,000","264,000","269,000","254,000","2,44K","-1,92%"
"14.03.2024","261,000","258,000","268,000","251,000","1,78K","2,35%"
"13.03.2024","255,000","261,000","275,000","250,000","4,25K","-2,67%"
"12.03.2024","262,000","252,000","271,000","251,000","3,23K","2,34%"
"11.03.2024","256,000","271,000","286,990","252,000","2,63K","-6,23%"
"08.03.2024","273,000","284,000","295,000","269,000","4,19K","-2,50%"
"07.03.2024","280,000","292,000","299,000","273,000","3,32K","-3,45%"
"06.03.2024","290,000","296,000","303,000","286,000","2,55K","0,00%"
"05.03.2024","290,000","305,000","305,000","284,000","1,68K","-4,61%"
"04.03.2024","304,000","305,000","308,000","298,000","1,98K","1,00%"
"01.03.2024","301,000","287,000","307,000","287,000","2,18K","4,15%"
"29.02.2024","289,000","291,000","305,500","286,000","1,91K","0,70%"
"28.02.2024","287,000","301,000","307,800","286,000","2,34K","-4,97%"
"27.02.2024","302,000","309,000","309,000","298,000","1,93K","-1,31%"
"26.02.2024","306,000","287,000","311,000","283,500","2,49K","5,52%"
"23.02.2024","290,000","289,000","297,000","281,000","2,42K","-1,02%"
"22.02.2024","293,000","303,000","307,000","290,000","2,49K","-2,01%"
"21.02.2024","299,000","324,000","324,800","297,500","3,17K","-10,21%"
"20.02.2024","333,000","320,000","336,000","311,000","3,89K","3,42%"
"16.02.2024","322,000","309,000","322,000","298,930","3,22K","4,21%"
"15.02.2024","309,000","310,000","315,000","296,000","2,02K","0,32%"
"14.02.2024","308,000","311,000","314,930","302,000","1,69K","-0,32%"
"13.02.2024","309,000","297,000","314,000","293,000","5,00K","-0,64%"
"12.02.2024","311,000","331,000","338,000","302,000","4,30K","-5,47%"
"09.02.2024","329,000","320,000","333,000","315,500","2,17K","2,81%"
"08.02.2024","320,000","315,000","334,000","312,000","3,60K","0,63%"
"07.02.2024","318,000","318,000","325,000","309,000","2,57K","-0,63%"
"06.02.2024","320,000","311,000","328,000","311,000","2,65K","2,24%"
"05.02.2024","313,000","291,000","315,000","281,000","2,72K","6,10%"
"02.02.2024","295,000","290,000","303,990","272,000","3,20K","0,68%"
"01.02.2024","293,000","303,000","303,000","272,000","5,99K","-2,33%"
"31.01.2024","300,000","337,000","347,000","292,000","6,35K","-11,76%"
"30.01.2024","340,000","318,000","340,000","306,000","2,43K","6,25%"
"29.01.2024","320,000","316,000","350,000","316,000","6,14K","0,63%"
"26.01.2024","318,000","314,000","324,000","309,940","2,04K","0,63%"
"25.01.2024","316,000","307,000","323,000","294,000","2,22K","2,93%"
"24.01.2024","307,000","350,000","352,420","290,000","4,94K","-12,03%"
"23.01.2024","349,000","312,000","352,990","306,000","6,50K","11,86%"
"22.01.2024","312,000","290,000","318,000","290,000","3,55K","4,70%"
"19.01.2024","298,000","303,000","309,000","291,000","2,70K","-2,61%"
"18.01.2024","306,000","284,000","312,000","266,000","3,65K","6,62%"
"17.01.2024","287,000","282,000","294,000","245,160","7,60K","-1,37%"
"16.01.2024","291,000","312,000","316,000","287,000","3,40K","-6,43%"
"12.01.2024","311,000","300,000","318,000","299,010","2,81K","2,64%"
"11.01.2024","303,000","299,000","314,000","272,000","4,89K","2,02%"
"10.01.2024","297,000","301,000","313,000","292,000","2,78K","-1,66%"
"09.01.2024","302,000","293,000","307,000","283,000","2,73K","4,14%"
"08.01.2024","290,000","278,000","291,000","278,000","1,43K","3,57%"
"05.01.2024","280,000","296,000","296,000","267,000","3,83K","-6,67%"
"04.01.2024","300,000","310,000","325,000","275,000","7,03K","-0,99%"
"03.01.2024","303,000","280,000","305,000","267,000","6,50K","11,40%"
"02.01.2024","272,000","232,000","272,000","220,000","3,75K","15,25%"
"29.12.2023","236,000","248,000","251,000","233,000","1,53K","-5,98%"
"28.12.2023","251,000","249,000","256,000","238,270","2,97K","0,80%"
"27.12.2023","249,000","252,000","265,000","243,000","3,12K","-1,19%"
"26.12.2023","252,000","256,000","276,000","242,000","5,43K","-0,79%"
"22.12.2023","254,000","222,000","257,000","222,000","11,40K","19,25%"
"21.12.2023","213,000","212,000","216,000","199,000","2,64K","3,90%"
"20.12.2023","205,000","211,000","218,000","200,000","2,86K","-3,76%"
"19.12.2023","213,000","200,000","217,000","197,000","4,12K","8,12%"
"18.12.2023","197,000","203,000","203,990","192,000","3,19K","-0,51%"
"15.12.2023","198,000","202,000","214,000","192,000","3,60K","-1,00%"
"14.12.2023","200,000","190,000","200,000","175,000","3,28K","6,95%"
"13.12.2023","187,000","175,000","195,000","172,000","3,65K","6,25%"
"12.12.2023","176,000","164,000","180,000","159,000","2,81K","8,64%"
"11.12.2023","162,000","165,000","167,810","158,450","0,93K","0,62%"
"08.12.2023","161,000","159,000","164,000","152,000","0,40K","0,63%"
"07.12.2023","160,000","157,000","164,000","156,000","0,48K","1,91%"
"06.12.2023","157,000","164,000","164,000","155,000","0,65K","-4,27%"
"05.12.2023","164,000","161,000","168,000","155,000","0,81K","1,86%"
"04.12.2023","161,000","173,000","174,000","151,000","2,85K","-6,40%"
"01.12.2023","172,000","163,000","174,000","160,000","1,14K","4,88%"
"30.11.2023","164,000","150,000","167,000","147,000","2,37K","9,33%"
"29.11.2023","150,000","151,000","157,990","150,000","0,91K","-1,96%"
"28.11.2023","153,000","150,000","153,230","147,000","0,80K","1,32%"
"27.11.2023","151,000","159,000","160,000","151,000","0,85K","-5,03%"
"24.11.2023","159,000","153,000","160,000","153,000","0,40K","4,61%"
"22.11.2023","152,000","153,000","154,000","143,000","0,66K","1,33%"
"21.11.2023","150,000","149,000","153,990","145,000","0,96K","-1,96%"
"20.11.2023","153,000","147,000","157,000","145,000","0,87K","5,52%"
"17.11.2023","145,000","136,170","147,000","131,340","0,83K","8,21%"
"16.11.2023","134,000","140,000","143,000","127,000","1,65K","-3,60%"
"15.11.2023","139,000","135,000","143,000","135,000","1,04K","3,73%"
"14.11.2023","134,000","130,000","137,000","129,000","0,60K","0,75%"
"13.11.2023","133,000","120,000","133,000","120,000","0,34K","10,83%"
"10.11.2023","120,000","125,000","129,210","118,000","0,75K","0,00%"
"09.11.2023","120,000","132,000","136,000","117,000","1,03K","-10,45%"
"08.11.2023","134,000","135,000","137,000","131,000","0,42K","0,00%"
"07.11.2023","134,000","130,000","143,000","130,000","1,17K","0,75%"
"06.11.2023","133,000","134,000","135,000","131,000","0,77K","-1,48%"
"03.11.2023","135,000","136,000","137,000","128,000","2,02K","4,65%"
"02.11.2023","129,000","129,000","133,000","125,000","0,53K","2,38%"
"01.11.2023","126,000","125,000","128,000","123,000","0,34K","0,80%"
"31.10.2023","125,000","130,000","131,120","124,000","0,40K","-3,85%"
"30.10.2023","130,000","116,000","131,000","115,000","1,43K","13,04%"
"27.10.2023","115,000","123,000","123,000","113,000","2,05K","-8,00%"
"26.10.2023","125,000","115,000","126,000","114,000","1,31K","10,62%"
"25.10.2023","113,000","115,000","120,000","111,000","1,58K","-1,74%"
"24.10.2023","115,000","115,000","122,000","115,000","1,52K","-1,71%"
"23.10.2023","117,000","126,000","127,000","112,000","3,73K","-7,14%"
"20.10.2023","126,000","129,000","132,000","125,000","1,21K","-3,08%"
"19.10.2023","130,000","132,000","132,500","129,000","0,34K","-0,76%"
"18.10.2023","131,000","141,000","144,000","131,000","1,28K","-7,09%"
"17.10.2023","141,000","144,000","145,000","141,000","0,95K","-1,40%"
"16.10.2023","143,000","141,000","145,000","139,990","2,22K","0,70%"
"13.10.2023","142,000","125,000","142,000","124,000","3,56K","13,60%"
"12.10.2023","125,000","128,000","128,970","121,950","1,36K","-2,34%"
"11.10.2023","128,000","132,000","137,000","128,000","1,19K","-3,03%"
"10.10.2023","132,000","134,000","134,000","132,000","0,80K","-2,22%"
"09.10.2023","135,000","138,000","141,000","133,000","0,95K","-2,88%"
"06.10.2023","139,000","141,000","149,000","139,000","1,49K","-2,80%"
"05.10.2023","143,000","140,000","150,000","140,000","0,56K","2,88%"
"04.10.2023","139,000","142,000","147,990","139,000","0,51K","-2,11%"
"03.10.2023","142,000","140,000","147,940","138,000","1,14K","0,00%"
"02.10.2023","142,000","150,000","150,670","136,000","1,99K","-5,33%"
"29.09.2023","150,000","156,000","157,000","146,000","1,21K","-4,46%"
"28.09.2023","157,000","146,000","158,000","146,000","1,23K","6,08%"
"27.09.2023","148,000","148,000","154,000","145,000","1,91K","3,50%"
"26.09.2023","143,000","131,000","147,700","130,530","2,14K","10,85%"
"25.09.2023","129,000","139,000","139,000","126,010","1,56K","-8,51%"
"22.09.2023","141,000","136,000","141,000","130,000","2,30K","2,17%"
"21.09.2023","138,000","139,000","142,000","134,000","1,43K","-0,72%"
"20.09.2023","139,000","143,500","143,500","138,000","1,15K","-3,47%"
"19.09.2023","144,000","141,000","148,000","141,000","1,13K","0,70%"
"18.09.2023","143,000","143,000","147,990","141,000","0,89K","1,42%"
"15.09.2023","141,000","146,000","150,500","141,000","1,71K","-4,08%"
"14.09.2023","147,000","148,000","148,000","142,000","0,40K","0,68%"
"13.09.2023","146,000","146,500","148,000","144,000","0,74K","0,00%"
"12.09.2023","146,000","149,000","149,000","144,100","0,67K","0,00%"
"11.09.2023","146,000","148,000","148,000","144,000","1,07K","-1,35%"
"08.09.2023","148,000","148,000","150,000","148,000","0,36K","-0,67%"
"07.09.2023","149,000","149,000","153,990","147,000","0,33K","-1,32%"
"06.09.2023","151,000","157,990","157,990","142,000","1,41K","1,34%"
"05.09.2023","149,000","157,000","158,000","148,000","1,96K","-5,10%"
"01.09.2023","157,000","157,000","163,000","156,000","1,41K","-1,88%"
"31.08.2023","160,000","159,000","163,000","154,000","1,18K","0,00%"
"30.08.2023","160,000","164,000","166,000","159,000","0,74K","-1,84%"
"29.08.2023","163,000","161,000","165,000","161,000","0,40K","0,62%"
"28.08.2023","162,000","164,000","168,000","162,000","0,71K","-1,82%"
"25.08.2023","165,000","160,000","166,000","157,000","1,28K","2,48%"
"24.08.2023","161,000","162,000","169,000","160,000","0,44K","-1,83%"
"23.08.2023","164,000","162,000","168,000","162,000","0,62K","1,23%"
"22.08.2023","162,000","163,000","166,000","160,000","0,78K","0,00%"
"21.08.2023","162,000","156,000","164,000","156,000","0,65K","3,18%"
"18.08.2023","157,000","153,000","161,000","151,000","0,97K","1,29%"
"17.08.2023","155,000","156,000","158,720","145,000","3,62K","1,31%"
"16.08.2023","153,000","159,000","163,000","151,000","2,48K","-4,38%"
"15.08.2023","160,000","162,000","163,500","160,000","0,56K","-3,03%"
"14.08.2023","165,000","164,000","165,900","158,000","1,30K","0,61%"
"11.08.2023","164,000","164,000","165,000","160,000","0,73K","0,61%"
"10.08.2023","163,000","158,000","164,100","158,000","0,67K","2,52%"
"09.08.2023","159,000","160,000","162,000","158,000","0,63K","-1,85%"
"08.08.2023","162,000","163,000","163,500","158,000","0,77K","-0,61%"
"07.08.2023","163,000","161,000","165,000","159,000","0,77K","1,88%"
"04.08.2023","160,000","163,000","165,000","159,500","0,84K","-1,23%"
"03.08.2023","162,000","158,000","162,000","157,000","1,38K","1,89%"
"02.08.2023","159,000","161,000","163,000","158,000","1,97K","-3,64%"
"01.08.2023","165,000","164,000","166,000","162,000","0,68K","0,61%"
"31.07.2023","164,000","161,000","165,000","161,000","1,03K","0,00%"
"28.07.2023","164,000","158,000","164,000","158,000","1,13K","1,86%"
"27.07.2023","161,000","162,000","165,000","159,000","1,36K","0,63%"
"26.07.2023","160,000","162,000","164,000","158,000","0,98K","-1,23%"
"25.07.2023","162,000","164,000","167,000","161,000","0,61K","-1,22%"
"24.07.2023","164,000","167,000","168,210","162,000","0,81K","-1,20%"
"21.07.2023","166,000","166,000","172,500","163,000","1,10K","1,53%"
"20.07.2023","163,500","161,000","170,000","161,000","1,11K","2,19%"
"19.07.2023","160,000","166,000","171,010","158,000","2,37K","-6,43%"
"18.07.2023","171,000","167,000","171,000","166,000","0,78K","1,18%"
"17.07.2023","169,000","165,000","172,000","165,000","1,88K","2,42%"
"14.07.2023","165,000","164,000","167,000","163,000","0,84K","0,61%"
"13.07.2023","164,000","170,000","171,000","163,000","1,45K","-2,96%"
"12.07.2023","169,000","177,000","177,000","167,000","1,05K","-1,74%"
"11.07.2023","172,000","170,000","173,000","167,000","0,97K","0,00%"
"10.07.2023","172,000","167,000","174,000","165,010","1,01K","2,99%"
"07.07.2023","167,000","165,000","168,000","163,000","0,62K","1,21%"
"06.07.2023","165,000","172,000","172,000","163,000","1,32K","-2,94%"
"05.07.2023","170,000","170,000","174,000","169,000","1,27K","-1,73%"
"03.07.2023","173,000","171,000","174,000","171,000","0,42K","-0,57%"
"30.06.2023","174,000","170,000","174,000","170,000","0,84K","1,75%"
"29.06.2023","171,000","173,000","181,000","168,000","3,74K","-3,93%"
"28.06.2023","178,000","181,000","184,000","177,000","1,38K","-1,66%"
"27.06.2023","181,000","184,000","185,140","177,000","1,65K","-1,09%"
"26.06.2023","183,000","185,000","190,860","181,000","0,79K","-2,14%"
"23.06.2023","187,000","190,000","190,000","180,000","2,70K","-1,06%"
"22.06.2023","189,000","188,000","191,000","175,000","1,88K","5,59%"
"21.06.2023","179,000","189,000","189,000","179,000","1,60K","-4,79%"
"20.06.2023","188,000","191,000","197,000","182,830","2,01K","0,00%"
"16.06.2023","188,000","195,000","201,990","188,000","3,34K","-1,57%"
"15.06.2023","191,000","184,000","193,000","173,000","5,06K","8,52%"
"14.06.2023","176,000","178,000","179,000","171,000","2,00K","-1,12%"
"13.06.2023","178,000","186,000","194,000","171,000","4,71K","-3,26%"
"12.06.2023","184,000","181,000","188,000","177,630","2,57K","1,10%"
"09.06.2023","182,000","183,000","184,000","178,000","1,65K","1,11%"
"08.06.2023","180,000","190,000","190,000","171,000","3,30K","-4,76%"
"07.06.2023","189,000","205,000","209,000","185,000","2,89K","-7,80%"
"06.06.2023","205,000","201,000","209,000","201,000","1,67K","1,99%"
"05.06.2023","201,000","190,000","204,000","188,000","1,79K","5,79%"
"02.06.2023","190,000","196,000","197,990","185,000","1,86K","-1,04%"
"01.06.2023","192,000","187,000","197,000","185,000","1,95K","3,23%"
"31.05.2023","186,000","181,000","189,000","168,000","2,58K","3,33%"
"30.05.2023","180,000","187,000","194,000","177,000","2,27K","-2,70%"
"26.05.2023","185,000","172,000","187,000","167,870","2,14K","6,32%"
"25.05.2023","174,000","181,000","181,290","169,500","2,26K","-3,33%"
"24.05.2023","180,000","191,000","191,500","177,000","5,07K","-5,76%"
"23.05.2023","191,000","206,000","209,000","189,500","3,86K","-8,17%"
"22.05.2023","208,000","200,000","214,000","196,000","6,63K","5,05%"
"19.05.2023","198,000","197,000","200,000","195,000","1,32K","1,28%"
"18.05.2023","195,500","203,000","203,000","192,000","2,33K","-4,17%"
"17.05.2023","204,000","200,000","204,000","192,000","2,32K","5,15%"
"16.05.2023","194,000","206,000","207,000","190,000","4,55K","-6,73%"
"15.05.2023","208,000","213,000","220,000","201,000","11,18K","8,33%"
"12.05.2023","192,000","184,000","210,000","182,000","10,44K","10,34%"
"11.05.2023","174,000","177,000","182,000","170,000","3,46K","-1,14%"
"10.05.2023","176,000","152,000","178,000","152,000","5,26K","15,79%"
"09.05.2023","152,000","146,000","155,000","144,000","0,92K","2,70%"
"08.05.2023","148,000","153,000","153,000","143,000","1,49K","-3,27%"
"05.05.2023","153,000","149,000","159,000","147,000","2,39K","4,79%"
"04.05.2023","146,000","138,000","146,000","132,010","1,46K","7,35%"
"03.05.2023","136,000","137,000","144,000","134,000","1,82K","-3,55%"
"02.05.2023","141,000","141,000","148,670","134,900","1,07K","-1,40%"
"01.05.2023","143,000","139,000","146,000","138,000","1,83K","2,14%"
"28.04.2023","140,000","138,000","142,000","136,150","0,84K","2,19%"
"27.04.2023","137,000","140,000","140,000","132,000","1,67K","0,00%"
"26.04.2023","137,000","135,000","140,000","132,000","1,72K","0,00%"
"25.04.2023","137,000","141,000","142,500","133,000","1,47K","-2,14%"
"24.04.2023","140,000","145,000","145,000","137,000","1,33K","-2,78%"
"21.04.2023","144,000","145,000","147,000","142,000","1,22K","-2,04%"
"20.04.2023","147,000","147,000","148,990","145,000","0,81K","-2,65%"
"19.04.2023","151,000","150,000","155,000","149,060","1,09K","0,67%"
"18.04.2023","150,000","156,000","159,000","145,150","2,77K","-3,85%"
"17.04.2023","156,000","144,000","162,000","141,900","3,09K","6,12%"
"14.04.2023","147,000","151,000","151,000","142,000","1,66K","-2,65%"
"13.04.2023","151,000","144,000","158,000","143,000","2,90K","5,59%"
"12.04.2023","143,000","140,000","144,990","137,000","1,83K","5,15%"
"11.04.2023","136,000","132,000","139,000","132,000","1,93K","2,26%"
"10.04.2023","133,000","125,000","133,500","125,000","0,97K","4,72%"
"06.04.2023","127,000","122,000","129,000","121,500","1,62K","4,10%"
"05.04.2023","122,000","122,000","124,000","121,000","2,42K","0,83%"
"04.04.2023","121,000","127,000","127,000","120,500","3,73K","-3,20%"
"03.04.2023","125,000","125,000","128,000","124,000","3,53K","-0,79%"
"31.03.2023","126,000","124,000","129,000","122,000","4,71K","0,80%"
"30.03.2023","125,000","125,000","131,680","122,000","4,44K","-1,57%"
"29.03.2023","127,000","133,000","135,000","117,000","10,66K","-9,29%"
"28.03.2023","140,000","137,000","144,000","136,000","2,80K","-0,71%"
"27.03.2023","141,000","139,000","144,000","136,000","2,11K","1,44%"
"24.03.2023","139,000","138,000","141,500","135,000","1,61K","-0,71%"
"23.03.2023","140,000","141,000","143,500","135,000","2,15K","1,45%"
"22.03.2023","138,000","146,000","146,000","138,000","1,98K","-5,48%"
"21.03.2023","146,000","144,000","149,000","142,000","2,22K","1,39%"
"20.03.2023","144,000","139,000","144,500","138,050","1,40K","2,86%"
"17.03.2023","140,000","148,000","148,000","138,000","3,78K","-5,41%"
"16.03.2023","148,000","149,000","153,000","142,010","3,22K","-0,67%"
"15.03.2023","149,000","148,000","152,000","143,000","5,43K","-3,87%"
"14.03.2023","155,000","145,000","157,000","143,500","6,24K","6,90%"
"13.03.2023","145,000","125,000","149,000","121,000","8,05K","10,69%"
"10.03.2023","131,000","133,000","135,000","126,000","6,31K","-1,50%"
"09.03.2023","133,000","149,000","154,000","133,000","8,30K","-9,52%"
"08.03.2023","147,000","148,000","150,000","143,000","5,04K","0,68%"
"07.03.2023","146,000","151,000","156,000","142,000","13,91K","-1,35%"
"06.03.2023","148,000","157,000","161,000","145,000","12,24K","-5,13%"
"03.03.2023","156,000","155,000","162,500","152,000","4,95K","3,31%"
"02.03.2023","151,000","154,000","155,000","151,000","7,52K","-3,21%"
"01.03.2023","156,000","158,000","169,500","154,000","10,35K","1,30%"
"28.02.2023","154,000","155,000","167,000","152,000","12,06K","-4,94%"
"27.02.2023","162,000","169,000","172,000","158,000","12,79K","-4,14%"
"24.02.2023","169,000","171,000","176,920","167,000","10,02K","-1,17%"
"23.02.2023","171,000","180,000","182,500","170,500","17,81K","-3,93%"
"22.02.2023","178,000","185,000","185,270","170,000","13,75K","-7,29%"
"21.02.2023","192,000","191,000","196,000","182,000","17,07K","2,13%"
"17.02.2023","188,000","179,000","188,000","162,000","25,57K","3,58%"
"16.02.2023","181,500","153,000","191,000","150,000","84,16K","19,41%"
"15.02.2023","152,000","227,000","233,000","145,000","147,75K","-62,47%"
"14.02.2023","405,000","378,000","416,000","367,000","20,86K","7,14%"
"13.02.2023","378,000","351,000","378,000","338,000","14,45K","8,62%"
"10.02.2023","348,000","326,000","354,110","322,010","13,55K","6,75%"
"09.02.2023","326,000","317,000","330,000","300,000","48,64K","2,52%"
"08.02.2023","318,000","342,000","355,000","313,500","13,13K","-4,79%"
"07.02.2023","334,000","306,000","334,000","293,000","69,58K","9,51%"
"06.02.2023","305,000","315,000","315,000","302,000","4,32K","-1,29%"
"03.02.2023","309,000","303,000","312,000","297,000","3,81K","1,98%"
"02.02.2023","303,000","310,000","312,000","297,000","7,39K","-1,94%"
"01.02.2023","309,000","297,500","311,500","292,000","7,36K","6,19%"
"31.01.2023","291,000","287,000","302,000","284,500","7,98K","0,34%"
"30.01.2023","290,000","342,000","342,000","285,000","16,37K","-14,45%"
"27.01.2023","339,000","348,000","360,000","319,000","14,76K","1,19%"
"26.01.2023","335,000","311,000","335,000","300,000","45,88K","8,06%"
"25.01.2023","310,000","330,000","347,990","305,000","23,40K","-2,21%"
"24.01.2023","317,000","290,000","322,000","286,500","9,94K","10,45%"
"23.01.2023","287,000","260,000","288,000","260,000","5,35K","12,11%"
"20.01.2023","256,000","257,000","270,000","252,920","5,21K","0,39%"
"19.01.2023","255,000","266,000","273,880","255,000","5,08K","-5,20%"
"18.01.2023","269,000","288,000","298,500","266,000","5,69K","-6,60%"
"17.01.2023","288,000","306,000","306,990","279,000","6,89K","-4,64%"
"13.01.2023","302,000","288,000","311,000","284,000","9,07K","4,86%"
"12.01.2023","288,000","279,000","288,500","272,500","5,51K","3,60%"
"11.01.2023","278,000","288,000","294,840","272,000","4,14K","-4,14%"
"10.01.2023","290,000","283,000","300,000","277,000","5,69K","4,32%"
"09.01.2023","278,000","287,000","291,000","274,000","4,69K","-1,77%"
"06.01.2023","283,000","250,000","288,000","242,000","6,86K","8,85%"
"05.01.2023","260,000","297,000","298,000","242,000","12,23K","-10,96%"
"04.01.2023","292,000","295,000","298,400","285,000","8,77K","0,34%"
"03.01.2023","291,000","318,000","330,000","283,000","14,81K","-3,96%"
"30.12.2022","303,000","297,000","319,200","291,000","11,08K","0,66%"
"29.12.2022","301,000","280,000","307,000","267,000","15,54K","12,73%"
"28.12.2022","267,000","239,000","277,000","235,000","22,82K","19,20%"
"27.12.2022","224,000","228,000","241,000","218,000","3,39K","-1,32%"
"23.12.2022","227,000","229,000","230,000","222,000","1,90K","0,44%"
"22.12.2022","226,000","216,000","227,000","213,000","3,38K","2,73%"
"21.12.2022","220,000","224,000","241,000","218,000","5,96K","-0,90%"
"20.12.2022","222,000","218,000","225,000","211,000","2,91K","0,91%"
"19.12.2022","220,000","217,000","226,460","211,730","3,26K","2,80%"
"16.12.2022","214,000","205,000","214,000","205,000","3,64K","4,90%"
"15.12.2022","204,000","212,000","215,500","192,000","5,90K","-7,69%"
"14.12.2022","221,000","215,000","224,000","215,000","1,47K","1,84%"
"13.12.2022","217,000","218,000","226,990","213,000","2,67K","0,93%"
"12.12.2022","215,000","205,000","220,000","201,010","3,85K","3,86%"
"09.12.2022","207,000","234,000","234,000","203,000","7,19K","-11,91%"
"08.12.2022","235,000","240,000","243,000","217,000","4,58K","-3,29%"
"07.12.2022","243,000","226,000","251,000","213,010","7,49K","9,46%"
"06.12.2022","222,000","222,000","228,000","199,000","5,90K","-1,33%"
"05.12.2022","225,000","228,000","249,000","220,000","7,69K","-1,75%"
"02.12.2022","229,000","213,000","238,000","208,900","8,95K","7,01%"
"01.12.2022","214,000","215,000","216,000","202,000","2,67K","-0,93%"
"30.11.2022","216,000","205,000","220,000","188,000","10,82K","5,88%"
"29.11.2022","204,000","214,000","217,500","201,000","3,68K","-5,12%"
"28.11.2022","215,000","207,000","219,000","192,000","6,79K","4,88%"
"25.11.2022","205,000","209,000","213,330","201,000","2,72K","-1,91%"
"23.11.2022","209,000","214,000","214,000","195,000","5,48K","2,45%"
"22.11.2022","204,000","206,000","220,000","181,000","9,20K","0,49%"
"21.11.2022","203,000","234,000","234,000","201,000","14,09K","-9,78%"
"18.11.2022","225,000","210,000","243,000","200,000","17,91K","8,17%"
"17.11.2022","208,000","191,000","212,000","174,850","20,14K","11,83%"
"16.11.2022","186,000","177,000","194,000","150,000","15,55K","9,41%"
"15.11.2022","170,000","154,000","175,000","150,000","18,77K","17,24%"
"14.11.2022","145,000","131,000","155,000","125,000","13,37K","16,94%"
"11.11.2022","124,000","103,000","130,000","102,000","19,49K","26,53%"
"10.11.2022","98,000","85,000","98,000","82,020","5,98K","19,48%"
"09.11.2022","82,020","70,000","83,000","70,000","5,09K","19,32%"
"08.11.2022","68,740","66,000","70,920","66,000","0,56K","0,92%"
"07.11.2022","68,110","69,000","69,000","67,010","0,28K","1,66%"
"04.11.2022","67,000","70,000","71,500","66,000","0,73K","-3,21%"
"03.11.2022","69,220","69,750","71,420","67,200","0,29K","-2,18%"
"02.11.2022","70,760","72,000","72,960","68,000","0,20K","-1,72%"
"01.11.2022","72,000","71,000","74,500","68,000","0,84K","6,15%"
"31.10.2022","67,830","66,000","72,000","66,000","0,50K","-4,22%"
"28.10.2022","70,820","71,440","72,000","69,800","1,48K","-0,92%"
"27.10.2022","71,480","64,990","71,480","62,200","1,58K","13,44%"
"26.10.2022","63,010","61,310","65,500","61,300","0,24K","0,98%"
"25.10.2022","62,400","60,740","65,300","60,740","0,32K","1,13%"
"24.10.2022","61,700","63,000","63,390","60,000","0,52K","0,98%"
"21.10.2022","61,100","58,806","62,330","58,110","0,49K","5,34%"
"20.10.2022","58,000","61,000","62,340","58,000","0,63K","-4,92%"
"19.10.2022","61,000","63,000","64,180","61,000","0,81K","-1,45%"
"18.10.2022","61,900","61,890","65,790","61,890","0,74K","0,18%"
"17.10.2022","61,790","61,500","64,140","61,500","0,28K","-0,58%"
"14.10.2022","62,150","60,000","64,160","60,000","0,37K","-0,29%"
"13.10.2022","62,330","61,240","63,160","59,000","1,22K","1,80%"
"12.10.2022","61,230","60,880","64,890","60,000","0,12K","2,22%"
"11.10.2022","59,900","60,990","60,990","58,000","0,90K","-3,39%"
"10.10.2022","62,000","63,960","65,860","61,300","3,29K","-3,31%"
"07.10.2022","64,120","65,000","65,000","62,000","0,38K","1,39%"
"06.10.2022","63,240","64,354","67,950","63,000","0,57K","-0,88%"
"05.10.2022","63,800","67,000","68,000","63,800","0,45K","-0,30%"
"04.10.2022","63,990","58,000","64,500","57,490","2,31K","11,31%"
"03.10.2022","57,490","58,890","59,390","55,000","0,61K","4,21%"
"30.09.2022","55,170","55,980","57,110","55,110","0,61K","-1,00%"
"29.09.2022","55,730","55,020","64,600","55,000","0,59K","-0,48%"
"28.09.2022","56,000","61,730","61,730","56,000","0,37K","-1,16%"
"27.09.2022","56,660","56,500","64,870","55,000","0,32K","-2,98%"
"26.09.2022","58,400","56,750","60,240","55,980","0,43K","4,32%"
"23.09.2022","55,980","59,780","59,780","55,000","1,08K","-9,17%"
"22.09.2022","61,630","62,000","63,400","59,000","0,90K","-4,08%"
"21.09.2022","64,250","63,000","65,990","60,400","1,08K","-1,14%"
"20.09.2022","64,990","64,300","65,320","57,000","2,48K","-3,45%"
"19.09.2022","67,310","63,000","70,410","63,000","0,33K","6,17%"
"16.09.2022","63,400","68,330","75,000","62,700","2,02K","-7,57%"
"15.09.2022","68,590","72,820","74,297","65,000","2,50K","-6,08%"
"14.09.2022","73,030","73,130","74,330","71,500","0,59K","-1,14%"
"13.09.2022","73,870","71,001","74,830","71,000","0,39K","1,19%"
"12.09.2022","73,000","73,000","73,940","70,000","0,64K","0,00%"
"09.09.2022","73,000","75,480","76,960","71,080","0,78K","-0,68%"
"08.09.2022","73,500","73,120","76,600","69,260","2,69K","-0,92%"
"07.09.2022","74,180","73,240","75,000","71,500","1,17K","0,93%"
"06.09.2022","73,500","75,300","77,710","72,530","1,21K","-0,05%"
"02.09.2022","73,540","77,000","79,000","72,510","2,21K","-1,99%"
"01.09.2022","75,030","75,000","77,220","72,400","1,23K","-1,28%"
"31.08.2022","76,000","75,000","82,240","72,000","2,25K","0,57%"
"30.08.2022","75,570","79,000","82,710","72,300","2,07K","-5,29%"
"29.08.2022","79,790","85,000","90,040","79,030","1,78K","-6,74%"
"26.08.2022","85,560","90,000","93,320","85,020","2,47K","-4,40%"
"25.08.2022","89,500","85,000","89,500","85,000","1,70K","5,92%"
"24.08.2022","84,500","81,500","84,830","81,010","0,94K","2,23%"
"23.08.2022","82,660","82,010","83,880","81,010","0,46K","-0,39%"
"22.08.2022","82,980","86,000","86,960","81,010","1,97K","-2,11%"
"19.08.2022","84,770","83,400","86,400","82,010","1,15K","1,64%"
"18.08.2022","83,400","85,000","88,000","83,000","1,17K","-1,88%"
"17.08.2022","85,000","88,000","89,000","85,000","1,20K","-1,16%"
"16.08.2022","86,000","87,000","89,960","85,000","0,51K","2,38%"
"15.08.2022","84,000","86,110","91,000","80,000","3,56K","-4,51%"
"12.08.2022","87,970","85,200","91,900","85,080","2,08K","3,65%"
"11.08.2022","84,870","92,380","92,380","82,000","2,12K","-4,69%"
"10.08.2022","89,050","81,000","90,000","81,000","2,20K","11,24%"
"09.08.2022","80,050","85,000","88,000","80,000","1,20K","-9,03%"
"08.08.2022","88,000","90,000","92,570","85,980","1,93K","-1,97%"
"05.08.2022","89,770","76,370","97,990","72,000","5,84K","21,46%"
"04.08.2022","73,910","70,500","77,430","68,500","1,43K","5,48%"
"03.08.2022","70,070","69,000","72,000","67,350","1,53K","4,27%"
"02.08.2022","67,200","66,775","69,690","66,775","0,74K","0,67%"
"01.08.2022","66,750","66,660","69,790","66,000","0,78K","0,68%"
"29.07.2022","66,300","68,000","68,960","65,500","0,55K","-1,92%"
"28.07.2022","67,600","72,490","72,490","67,420","0,45K","-5,20%"
"27.07.2022","71,310","71,400","71,400","67,130","0,47K","3,35%"
"26.07.2022","69,000","67,830","71,460","67,830","0,39K","1,47%"
"25.07.2022","68,000","73,000","73,000","66,300","0,76K","-5,07%"
"22.07.2022","71,630","73,000","75,160","71,000","0,68K","-3,52%"
"21.07.2022","74,240","75,000","76,895","71,180","0,79K","1,70%"
"20.07.2022","73,000","77,890","77,890","70,090","1,13K","-5,19%"
"19.07.2022","77,000","73,390","77,790","70,000","2,32K","10,00%"
"18.07.2022","70,000","64,000","70,970","63,210","2,44K","10,74%"
"15.07.2022","63,210","63,970","67,000","62,000","0,35K","-1,50%"
"14.07.2022","64,170","64,000","66,980","63,080","0,91K","-1,17%"
"13.07.2022","64,929","65,940","65,970","64,000","0,62K","-0,52%"
"12.07.2022","65,270","66,600","66,600","65,000","0,50K","0,11%"
"11.07.2022","65,200","66,130","66,600","63,270","0,42K","-0,03%"
"08.07.2022","65,220","66,850","68,000","64,450","0,50K","3,52%"
"07.07.2022","63,000","63,890","65,690","61,300","0,68K","4,25%"
"06.07.2022","60,430","54,720","65,800","54,670","1,47K","8,88%"
"05.07.2022","55,500","57,000","58,990","53,150","1,56K","-1,49%"
"01.07.2022","56,340","59,790","60,000","56,000","1,17K","-5,77%"
"30.06.2022","59,790","60,750","60,750","57,640","0,80K","-2,86%"
"29.06.2022","61,550","62,890","63,500","60,000","0,26K","1,23%"
"28.06.2022","60,800","63,530","66,000","60,000","0,80K","-1,94%"
"27.06.2022","62,000","63,320","66,000","59,110","2,33K","0,71%"
"24.06.2022","61,560","67,600","67,800","61,560","1,52K","-6,90%"
"23.06.2022","66,120","63,000","67,600","62,000","1,10K","5,78%"
"22.06.2022","62,510","64,000","67,800","61,500","1,06K","-1,42%"
"21.06.2022","63,410","63,790","64,690","60,230","0,90K","2,70%"
"17.06.2022","61,740","54,000","61,740","52,500","4,21K","14,33%"
"16.06.2022","54,000","53,000","55,890","51,000","2,76K","-3,76%"
"15.06.2022","56,110","60,000","60,000","55,100","2,30K","-6,50%"
"14.06.2022","60,010","61,950","64,030","60,000","0,45K","-0,02%"
"13.06.2022","60,020","62,000","67,890","57,000","3,84K","-9,85%"
"10.06.2022","66,580","66,940","73,430","65,000","1,35K","-1,29%"
"09.06.2022","67,450","64,000","68,000","64,000","1,84K","4,49%"
"08.06.2022","64,550","63,000","67,000","63,000","1,08K","4,11%"
"07.06.2022","62,000","64,500","67,450","62,000","1,35K","-3,88%"
"06.06.2022","64,500","71,000","74,350","63,620","1,14K","-8,69%"
"03.06.2022","70,640","63,000","72,770","61,000","2,51K","11,77%"
"02.06.2022","63,200","66,080","67,460","61,000","1,20K","-2,77%"
"01.06.2022","65,000","68,000","69,990","62,720","1,80K","-2,37%"
"31.05.2022","66,580","64,000","68,000","62,000","1,35K","5,41%"
"27.05.2022","63,160","61,460","64,600","57,850","1,31K","5,25%"
"26.05.2022","60,010","61,880","63,000","60,010","1,89K","-1,49%"
"25.05.2022","60,920","58,000","61,980","57,000","0,91K","5,03%"
"24.05.2022","58,000","61,540","62,900","57,400","0,55K","-5,77%"
"23.05.2022","61,550","62,120","65,600","61,540","0,25K","0,41%"
"20.05.2022","61,300","62,200","64,510","60,010","1,03K","-0,39%"
"19.05.2022","61,540","60,890","62,990","60,000","0,95K","2,40%"
"18.05.2022","60,100","64,300","67,000","60,000","1,13K","-4,30%"
"17.05.2022","62,800","60,000","68,000","59,920","0,82K","4,46%"
"16.05.2022","60,120","57,500","65,520","57,500","1,25K","6,61%"
"13.05.2022","56,390","56,000","60,000","54,000","2,58K","4,33%"
"12.05.2022","54,050","56,000","61,210","53,570","3,61K","-5,11%"
"11.05.2022","56,960","60,510","67,209","56,420","3,73K","-10,44%"
"10.05.2022","63,600","64,720","67,000","58,100","1,34K","2,23%"
"09.05.2022","62,210","67,310","67,620","61,110","2,40K","-6,15%"
"06.05.2022","66,290","69,620","70,500","66,000","4,22K","-2,86%"
"05.05.2022","68,240","75,000","75,010","66,700","3,82K","-9,57%"
"04.05.2022","75,460","73,420","78,190","70,000","2,45K","3,51%"
"03.05.2022","72,900","74,000","78,500","71,090","1,96K","-3,75%"
"02.05.2022","75,740","70,000","77,000","69,964","1,87K","5,40%"
"29.04.2022","71,860","77,320","83,000","70,000","5,17K","-7,05%"
"28.04.2022","77,310","83,000","86,000","75,050","5,10K","-7,98%"
"27.04.2022","84,010","93,120","93,120","83,000","1,22K","-4,46%"
"26.04.2022","87,930","88,000","89,198","84,030","1,22K","-1,81%"
"25.04.2022","89,550","92,930","94,000","86,010","1,23K","-1,58%"
"22.04.2022","90,990","95,000","95,000","82,050","3,77K","-2,31%"
"21.04.2022","93,140","95,310","101,000","92,660","2,10K","-2,91%"
"20.04.2022","95,930","96,000","100,000","95,000","1,41K","0,97%"
"19.04.2022","95,010","100,000","100,000","92,000","2,11K","2,79%"
"18.04.2022","92,430","100,000","101,830","92,230","2,79K","-7,57%"
"14.04.2022","100,000","104,000","105,000","99,100","2,35K","-4,76%"
"13.04.2022","105,000","103,010","105,000","103,000","0,37K","1,94%"
"12.04.2022","103,000","104,000","106,000","101,000","2,35K","-0,96%"
"11.04.2022","104,000","105,000","105,000","103,000","1,11K","-1,89%"
"08.04.2022","106,000","106,240","107,000","104,000","0,66K","-1,85%"
"07.04.2022","108,000","106,000","108,000","103,000","1,00K","0,93%"
"06.04.2022","107,000","111,000","111,340","105,000","1,43K","-2,73%"
"05.04.2022","110,000","112,000","115,000","110,000","0,85K","-2,22%"
"04.04.2022","112,500","116,000","119,000","111,000","1,59K","-2,17%"
"01.04.2022","115,000","115,000","120,000","113,000","0,67K","0,88%"
"31.03.2022","114,000","113,000","117,000","112,930","0,67K","-0,87%"
"30.03.2022","115,000","116,000","121,000","112,000","1,26K","-0,86%"
"29.03.2022","116,000","118,000","120,000","111,000","1,94K","-0,85%"
"28.03.2022","117,000","125,000","126,000","112,000","1,54K","-4,88%"
"25.03.2022","123,000","129,000","132,000","123,000","1,34K","-3,91%"
"24.03.2022","128,000","123,000","130,000","121,000","0,80K","3,23%"
"23.03.2022","124,000","124,000","130,000","122,000","0,76K","-1,59%"
"22.03.2022","126,000","118,000","126,000","118,000","1,50K","5,00%"
"21.03.2022","120,000","123,000","123,000","116,000","0,90K","0,00%"
"18.03.2022","120,000","117,000","123,000","116,620","1,96K","3,45%"
"17.03.2022","116,000","111,000","116,000","110,730","1,25K","7,41%"
"16.03.2022","108,000","104,000","110,000","102,000","1,34K","4,85%"
"15.03.2022","103,000","100,000","104,000","100,000","1,52K","3,00%"
"14.03.2022","100,000","109,000","111,000","100,000","3,37K","-9,09%"
"11.03.2022","110,000","117,000","117,000","108,000","1,10K","-5,17%"
"10.03.2022","116,000","110,000","116,000","109,990","1,33K","5,45%"
"09.03.2022","110,000","114,000","114,000","109,000","1,26K","4,76%"
"08.03.2022","105,000","107,000","112,000","103,000","1,82K","0,00%"
"07.03.2022","105,000","110,000","110,000","103,000","1,61K","-1,87%"
"04.03.2022","107,000","114,000","114,000","105,000","2,79K","-1,83%"
"03.03.2022","109,000","134,000","134,000","109,000","6,36K","-19,85%"
"02.03.2022","136,000","127,000","137,000","124,000","2,76K","7,09%"
"01.03.2022","127,000","124,000","129,000","122,000","2,00K","3,25%"
"28.02.2022","123,000","119,000","126,000","119,000","2,14K","3,36%"
"25.02.2022","119,000","113,000","122,000","111,000","3,22K","6,25%"
"24.02.2022","112,000","110,000","114,000","104,020","3,16K","0,90%"
"23.02.2022","111,000","112,000","115,000","109,000","2,10K","0,00%"
"22.02.2022","111,000","115,000","115,000","108,000","1,40K","0,00%"
"18.02.2022","111,000","112,000","112,000","105,500","2,96K","-0,89%"
"17.02.2022","112,000","105,000","113,000","103,000","4,20K","4,67%"
"16.02.2022","107,000","105,180","109,000","103,000","1,79K","0,94%"
"15.02.2022","106,000","106,000","107,000","104,000","0,63K","1,92%"
"14.02.2022","104,000","107,000","107,740","104,000","1,70K","-4,59%"
"11.02.2022","109,000","106,000","115,000","106,000","3,51K","1,87%"
"10.02.2022","107,000","110,000","115,000","106,000","4,60K","-2,73%"
"09.02.2022","110,000","106,000","114,000","105,500","3,06K","4,76%"
"08.02.2022","105,000","105,000","107,500","104,500","1,12K","-1,87%"
"07.02.2022","107,000","110,000","115,000","105,000","1,69K","-0,93%"
"04.02.2022","108,000","105,000","108,000","104,000","1,30K","1,89%"
"03.02.2022","106,000","110,000","110,000","104,000","2,19K","-2,75%"
"02.02.2022","109,000","118,000","118,500","107,000","1,59K","-8,40%"
"01.02.2022","119,000","119,000","120,500","114,000","2,05K","0,00%"
"31.01.2022","119,000","113,000","122,990","111,000","2,33K","3,93%"
"28.01.2022","114,500","107,000","114,500","103,000","3,48K","7,01%"
"27.01.2022","107,000","119,000","119,000","104,000","3,60K","-5,31%"
"26.01.2022","113,000","113,000","121,000","110,000","2,60K","0,00%"
"25.01.2022","113,000","105,000","115,000","105,000","1,66K","4,63%"
"24.01.2022","108,000","110,000","111,000","101,500","3,79K","-2,70%"
"21.01.2022","111,000","118,000","118,000","107,500","3,69K","-5,93%"
"20.01.2022","118,000","120,000","125,000","117,000","1,12K","-1,67%"
"19.01.2022","120,000","122,000","125,000","118,000","1,94K","-3,23%"
"18.01.2022","124,000","125,000","129,000","120,000","1,29K","0,00%"
"14.01.2022","124,000","123,000","126,000","120,000","4,15K","-0,80%"
"13.01.2022","125,000","130,000","130,000","124,000","1,90K","-2,34%"
"12.01.2022","128,000","135,000","136,500","127,000","3,49K","-5,88%"
"11.01.2022","136,000","133,000","142,000","131,000","2,13K","2,26%"
"10.01.2022","133,000","138,000","139,000","130,000","3,52K","-4,32%"
"07.01.2022","139,000","142,000","144,900","137,000","1,05K","-2,11%"
"06.01.2022","142,000","141,000","144,000","137,000","2,71K","0,71%"
"05.01.2022","141,000","149,000","150,000","140,000","2,99K","-6,00%"
"04.01.2022","150,000","160,000","160,930","147,000","2,11K","-5,06%"
"03.01.2022","158,000","143,000","160,000","143,000","4,14K","9,72%"
"31.12.2021","144,000","146,000","151,000","141,000","7,14K","-1,37%"
"30.12.2021","146,000","144,000","148,000","144,000","2,69K","0,69%"
"29.12.2021","145,000","147,000","148,000","143,000","2,52K","-0,68%"
"28.12.2021","146,000","149,000","153,000","146,000","2,36K","-3,31%"
"27.12.2021","151,000","159,000","160,500","149,500","2,51K","-5,63%"
"23.12.2021","160,000","155,000","162,000","153,500","1,96K","3,23%"
"22.12.2021","155,000","158,000","162,000","155,000","1,95K","-1,27%"
"21.12.2021","157,000","158,000","160,000","156,000","1,56K","-1,26%"
"20.12.2021","159,000","157,000","159,000","154,000","1,55K","-1,24%"
"17.12.2021","161,000","153,000","162,000","151,500","3,92K","3,21%"
"16.12.2021","156,000","153,000","164,000","150,000","3,49K","2,63%"
"15.12.2021","152,000","151,000","154,000","145,080","2,37K","0,66%"
"14.12.2021","151,000","155,000","158,500","150,000","2,79K","-5,03%"
"13.12.2021","159,000","160,000","163,000","156,000","2,58K","-1,24%"
"10.12.2021","161,000","164,000","165,500","156,000","3,81K","-1,83%"
"09.12.2021","164,000","164,000","171,000","164,000","1,95K","-1,20%"
"08.12.2021","166,000","168,000","169,000","162,700","2,56K","0,00%"
"07.12.2021","166,000","159,000","169,000","159,000","2,97K","7,10%"
"06.12.2021","155,000","153,000","159,000","145,000","5,85K","1,31%"
"03.12.2021","153,000","163,000","165,000","151,000","3,93K","-6,13%"
"02.12.2021","163,000","165,000","165,000","152,000","4,38K","0,00%"
"01.12.2021","163,000","170,000","172,000","163,000","3,14K","-3,55%"
"30.11.2021","169,000","173,000","173,810","165,000","6,18K","-1,74%"
"29.11.2021","172,000","179,000","179,000","171,000","2,97K","-3,91%"
"26.11.2021","179,000","180,000","180,000","173,000","2,33K","-1,10%"
"24.11.2021","181,000","178,000","184,000","174,000","2,13K","0,56%"
"23.11.2021","180,000","185,000","188,000","172,000","3,51K","-2,17%"
"22.11.2021","184,000","192,000","192,000","183,000","2,32K","-2,13%"
"19.11.2021","188,000","193,000","196,000","185,000","5,16K","2,17%"
"18.11.2021","184,000","188,000","192,000","183,000","4,19K","-5,15%"
"17.11.2021","194,000","201,000","201,000","193,000","2,25K","-3,00%"
"16.11.2021","200,000","211,000","211,000","200,000","4,64K","-6,54%"
"15.11.2021","214,000","214,000","220,000","210,000","3,16K","0,47%"
"12.11.2021","213,000","214,000","226,000","205,000","18,39K","4,93%"
"11.11.2021","203,000","205,000","205,010","202,000","0,60K","0,50%"
"10.11.2021","202,000","208,000","214,000","201,000","3,03K","-4,27%"
"09.11.2021","211,000","202,000","213,000","198,010","3,15K","4,98%"
"08.11.2021","201,000","196,000","205,810","193,300","2,92K","1,52%"
"05.11.2021","198,000","197,000","198,000","189,000","4,61K","0,51%"
"04.11.2021","197,000","205,000","207,000","194,000","2,81K","-3,43%"
"03.11.2021","204,000","202,000","209,850","200,000","3,49K","-0,49%"
"02.11.2021","205,000","192,000","206,000","192,000","2,43K","2,50%"
"01.11.2021","200,000","191,000","201,000","191,000","1,67K","4,71%"
"29.10.2021","191,000","188,000","191,000","187,000","2,13K","1,06%"
"28.10.2021","189,000","190,000","191,000","185,000","2,03K","1,07%"
"27.10.2021","187,000","193,000","195,000","186,500","3,10K","-2,60%"
"26.10.2021","192,000","192,000","193,000","187,000","1,55K","0,52%"
"25.10.2021","191,000","196,000","196,000","187,000","8,42K","-2,55%"
"22.10.2021","196,000","191,000","199,000","188,000","2,56K","2,08%"
"21.10.2021","192,000","193,000","195,040","192,000","0,87K","-0,52%"
"20.10.2021","193,000","194,000","195,000","191,000","1,55K","0,00%"
"19.10.2021","193,000","194,000","196,000","189,000","2,47K","0,00%"
"18.10.2021","193,000","196,000","198,000","192,000","2,25K","-2,53%"
"15.10.2021","198,000","204,000","204,000","197,000","2,59K","-2,46%"
"14.10.2021","203,000","198,000","204,000","198,000","1,30K","2,53%"
"13.10.2021","198,000","200,000","205,000","197,500","1,96K","-0,50%"
"12.10.2021","199,000","192,000","202,000","192,000","2,21K","3,11%"
"11.10.2021","193,000","193,000","199,000","190,500","18,03K","1,05%"
"08.10.2021","191,000","199,000","199,000","190,000","12,24K","-4,50%"
"07.10.2021","200,000","205,000","206,000","199,980","3,91K","-0,99%"
"06.10.2021","202,000","194,000","203,000","191,000","5,07K","2,54%"
"05.10.2021","197,000","196,000","198,000","191,000","3,15K","1,03%"
"04.10.2021","195,000","211,000","218,500","195,000","6,46K","-6,70%"
"01.10.2021","209,000","219,000","223,000","208,000","10,01K","-4,57%"
"30.09.2021","219,000","226,000","231,000","219,000","65,62K","-3,52%"
"29.09.2021","227,000","233,000","234,000","223,000","36,97K","-2,58%"
"28.09.2021","233,000","236,000","238,000","228,000","7,48K","-2,51%"
"27.09.2021","239,000","225,000","250,000","224,460","28,44K","4,37%"
"24.09.2021","229,000","222,000","238,990","222,000","31,83K","0,00%"
"23.09.2021","229,000","229,000","230,000","218,000","25,68K","3,15%"
"22.09.2021","222,000","221,000","225,990","218,010","7,17K","0,00%"
"21.09.2021","222,000","211,000","224,000","211,000","4,30K","5,21%"
"20.09.2021","211,000","219,000","222,000","210,000","2,72K","-6,64%"
"17.09.2021","226,000","211,000","226,000","210,010","3,36K","8,13%"
"16.09.2021","209,000","212,000","214,500","209,000","1,17K","-2,34%"
"15.09.2021","214,000","217,000","220,000","210,000","2,11K","-0,93%"
"14.09.2021","216,000","229,000","231,000","213,000","3,60K","-5,68%"
"13.09.2021","229,000","225,000","232,000","220,500","2,60K","1,78%"
"10.09.2021","225,000","235,000","236,200","223,000","3,15K","-1,32%"
"09.09.2021","228,000","235,000","235,000","226,000","2,21K","-1,30%"
"08.09.2021","231,000","229,000","244,000","226,000","4,23K","2,67%"
"07.09.2021","225,000","243,000","250,000","222,000","7,52K","-3,85%"
"03.09.2021","234,000","233,000","238,000","230,000","3,97K","3,08%"
"02.09.2021","227,000","235,000","236,000","224,000","3,49K","2,25%"
"01.09.2021","222,000","226,000","236,000","220,000","7,97K","0,00%"
"31.08.2021","222,000","209,000","225,990","208,800","5,21K","7,25%"
"30.08.2021","207,000","200,000","208,000","200,000","5,10K","2,99%"
"27.08.2021","201,000","200,000","202,820","199,000","2,76K","0,00%"
"26.08.2021","201,000","202,000","204,000","198,100","2,17K","1,01%"
"25.08.2021","199,000","192,000","205,500","190,000","4,02K","3,65%"
"24.08.2021","192,000","195,000","195,000","192,000","1,65K","-1,54%"
"23.08.2021","195,000","196,000","197,000","187,880","2,25K","5,41%"
"20.08.2021","185,000","179,000","187,000","178,000","1,70K","2,78%"
"19.08.2021","180,000","187,000","187,000","180,000","2,15K","-4,26%"
"18.08.2021","188,000","185,000","194,000","185,000","1,65K","0,53%"
"17.08.2021","187,000","190,000","191,000","183,000","2,55K","-1,06%"
"16.08.2021","189,000","195,000","197,000","185,000","7,27K","-4,55%"
"13.08.2021","198,000","205,000","205,000","197,000","1,97K","-2,46%"
"12.08.2021","203,000","200,000","206,000","198,000","1,90K","0,50%"
"11.08.2021","202,000","205,000","205,550","200,000","1,39K","0,00%"
"10.08.2021","202,000","206,000","207,000","201,000","1,85K","-1,94%"
"09.08.2021","206,000","208,000","211,000","205,000","1,74K","0,00%"
"06.08.2021","206,000","213,000","215,000","205,000","3,10K","-4,19%"
"05.08.2021","215,000","198,000","216,000","192,000","6,24K","9,14%"
"04.08.2021","197,000","200,000","206,500","197,000","2,74K","-2,96%"
"03.08.2021","203,000","201,000","204,000","199,990","1,65K","1,00%"
"02.08.2021","201,000","201,000","208,000","200,000","1,40K","-0,50%"
"30.07.2021","202,000","205,000","212,000","201,000","1,35K","-1,94%"
"29.07.2021","206,000","204,000","209,000","203,000","1,75K","0,49%"
"28.07.2021","205,000","204,000","206,500","202,500","1,39K","1,49%"
"27.07.2021","202,000","204,000","204,780","199,000","3,34K","-0,98%"
"26.07.2021","204,000","210,000","216,000","203,000","3,79K","-3,32%"
"23.07.2021","211,000","212,000","212,000","206,000","1,42K","-0,47%"
"22.07.2021","212,000","217,000","217,000","209,000","2,12K","-2,30%"
"21.07.2021","217,000","209,000","220,000","209,000","2,46K","4,33%"
"20.07.2021","208,000","209,000","210,000","201,500","2,62K","0,00%"
"19.07.2021","208,000","200,000","209,000","196,000","4,37K","2,46%"
"16.07.2021","203,000","205,400","214,000","202,000","3,84K","0,00%"
"15.07.2021","203,000","208,000","210,000","200,000","6,50K","-3,33%"
"14.07.2021","210,000","218,000","218,000","210,000","2,89K","-2,78%"
"13.07.2021","216,000","215,000","219,000","211,500","1,87K","0,00%"
"12.07.2021","216,000","227,000","229,600","215,000","3,39K","-3,57%"
"09.07.2021","224,000","214,000","225,000","214,000","3,92K","3,70%"
"08.07.2021","216,000","205,000","217,000","203,000","5,09K","1,89%"
"07.07.2021","212,000","222,000","224,600","208,000","8,33K","-4,93%"
"06.07.2021","223,000","228,000","229,000","220,500","7,00K","-2,19%"
"02.07.2021","228,000","233,000","233,000","225,000","3,70K","-1,30%"
"01.07.2021","231,000","235,000","235,010","226,500","3,90K","-0,43%"
"30.06.2021","232,000","234,000","236,000","225,000","5,12K","-1,69%"
"29.06.2021","236,000","240,000","241,010","233,000","4,18K","-1,26%"
"28.06.2021","239,000","254,000","257,000","237,000","5,35K","-4,78%"
"25.06.2021","251,000","249,000","261,000","245,000","56,56K","1,21%"
"24.06.2021","248,000","237,000","248,000","234,500","5,61K","5,53%"
"23.06.2021","235,000","233,000","237,500","230,000","4,15K","0,43%"
"22.06.2021","234,000","236,000","237,000","229,000","5,51K","-1,68%"
"21.06.2021","238,000","234,000","245,000","233,000","5,94K","2,15%"
"18.06.2021","233,000","244,000","247,000","233,000","8,95K","-4,51%"
"17.06.2021","244,000","253,000","257,000","243,000","4,01K","-3,94%"
"16.06.2021","254,000","255,000","262,000","251,000","4,80K","-1,55%"
"15.06.2021","258,000","276,000","276,000","255,000","5,26K","-5,49%"
"14.06.2021","273,000","278,000","280,000","265,000","6,44K","-0,73%"
"11.06.2021","275,000","277,000","283,000","273,330","3,31K","-1,43%"
"10.06.2021","279,000","272,000","282,000","270,000","4,19K","2,95%"
"09.06.2021","271,000","270,000","279,000","268,010","3,50K","1,12%"
"08.06.2021","268,000","261,000","271,000","261,000","5,67K","2,68%"
"07.06.2021","261,000","262,000","268,000","253,000","5,58K","0,38%"
"04.06.2021","260,000","267,000","268,000","257,500","4,23K","-3,35%"
"03.06.2021","269,000","250,000","271,500","245,000","5,87K","5,91%"
"02.06.2021","254,000","255,000","261,000","250,330","2,95K","-0,78%"
"01.06.2021","256,000","255,000","262,000","251,000","5,49K","0,39%"
"28.05.2021","255,000","247,000","260,000","247,000","3,97K","3,66%"
"27.05.2021","246,000","240,000","250,980","236,000","6,54K","3,36%"
"26.05.2021","238,000","237,000","241,500","226,500","9,20K","4,85%"
"25.05.2021","227,000","238,000","244,000","225,890","9,35K","-5,81%"
"24.05.2021","241,000","250,040","254,000","239,000","5,05K","-4,37%"
"21.05.2021","252,000","248,000","254,000","241,970","4,71K","2,86%"
"20.05.2021","245,000","255,000","255,000","238,500","8,44K","-3,16%"
"19.05.2021","253,000","255,000","277,000","247,000","28,77K","-0,78%"
"18.05.2021","255,000","246,000","266,000","243,000","6,67K","4,94%"
"17.05.2021","243,000","244,060","246,000","236,000","7,89K","0,83%"
"14.05.2021","241,000","251,000","255,000","234,000","17,66K","-4,37%"
"13.05.2021","252,000","229,000","279,000","218,500","66,22K","12,00%"
"12.05.2021","225,000","222,000","234,990","220,000","3,82K","0,90%"
"11.05.2021","223,000","213,000","228,000","211,000","5,76K","3,24%"
"10.05.2021","216,000","229,000","229,000","215,000","4,50K","-5,26%"
"07.05.2021","228,000","233,000","241,000","225,000","8,36K","-0,87%"
"06.05.2021","230,000","237,000","237,000","222,000","6,61K","-2,95%"
"05.05.2021","237,000","233,000","245,500","230,500","5,42K","2,16%"
"04.05.2021","232,000","240,000","240,000","230,000","4,14K","-3,33%"
"03.05.2021","240,000","245,000","254,000","231,000","6,45K","0,00%"
"30.04.2021","240,000","249,000","254,000","239,000","5,54K","-4,00%"
"29.04.2021","250,000","257,000","262,000","248,000","2,82K","-3,10%"
"28.04.2021","258,000","259,000","259,990","252,000","3,33K","-0,39%"
"27.04.2021","259,000","264,000","266,000","257,000","3,04K","-1,52%"
"26.04.2021","263,000","254,000","265,000","254,000","5,01K","4,37%"
"23.04.2021","252,000","255,000","257,090","247,000","5,32K","-0,40%"
"22.04.2021","253,000","261,000","263,500","247,000","3,67K","-3,07%"
"21.04.2021","261,000","250,000","264,500","246,000","4,19K","4,40%"
"20.04.2021","250,000","244,000","258,430","243,000","4,60K","1,21%"
"19.04.2021","247,000","259,000","264,000","238,500","7,89K","-5,36%"
"16.04.2021","261,000","253,000","264,000","247,000","5,46K","2,35%"
"15.04.2021","255,000","267,000","267,000","245,000","6,10K","-3,04%"
"14.04.2021","263,000","252,000","271,000","252,000","7,01K","3,95%"
"13.04.2021","253,000","258,000","261,050","243,000","10,46K","-2,32%"
"12.04.2021","259,000","284,000","285,000","249,000","22,89K","-10,38%"
"09.04.2021","289,000","308,000","311,000","286,000","13,20K","-6,77%"
"08.04.2021","310,000","325,000","326,000","304,000","7,79K","-2,52%"
"07.04.2021","318,000","315,060","328,000","311,000","9,38K","2,25%"
"06.04.2021","311,000","330,000","339,000","309,500","7,97K","-1,89%"
"05.04.2021","317,000","327,000","327,000","314,000","5,65K","0,00%"
"01.04.2021","317,000","305,000","317,000","302,000","3,90K","5,32%"
"31.03.2021","301,000","295,000","305,000","292,000","7,26K","3,79%"
"30.03.2021","290,000","290,000","296,000","283,000","5,55K","0,35%"
"29.03.2021","289,000","303,000","304,000","289,000","6,75K","-4,93%"
"26.03.2021","304,000","313,000","315,000","294,000","4,99K","-2,25%"
"25.03.2021","311,000","290,000","312,000","285,000","8,49K","6,87%"
"24.03.2021","291,000","316,000","321,000","291,000","6,48K","-7,03%"
"23.03.2021","313,000","350,000","350,000","309,000","11,43K","-9,54%"
"22.03.2021","346,000","350,000","360,000","343,000","4,73K","0,29%"
"19.03.2021","345,000","337,000","355,000","336,000","11,90K","3,60%"
"18.03.2021","333,000","342,000","362,000","331,000","16,93K","-3,76%"
"17.03.2021","346,000","338,000","353,500","329,500","9,74K","1,47%"
"16.03.2021","341,000","342,000","343,500","326,970","4,83K","0,29%"
"15.03.2021","340,000","335,000","341,270","325,000","6,77K","2,72%"
"12.03.2021","331,000","329,000","331,000","317,000","5,46K","-0,90%"
"11.03.2021","334,000","322,000","334,000","320,500","7,00K","6,03%"
"10.03.2021","315,000","315,000","322,000","304,000","6,16K","2,61%"
"09.03.2021","307,000","305,000","314,000","301,000","5,68K","4,07%"
"08.03.2021","295,000","305,000","313,000","291,990","6,92K","-4,22%"
"05.03.2021","308,000","296,000","308,000","274,000","11,93K","3,70%"
"04.03.2021","297,000","305,000","311,000","283,000","14,67K","-2,94%"
"03.03.2021","306,000","315,000","335,010","305,000","14,89K","-5,56%"
"02.03.2021","324,000","349,000","355,000","310,000","19,95K","-9,75%"
"01.03.2021","359,000","344,000","362,000","340,000","6,53K","8,13%"
"26.02.2021","332,000","341,000","347,000","327,000","7,31K","-2,92%"
"25.02.2021","342,000","345,000","352,000","332,010","10,47K","-1,72%"
"24.02.2021","348,000","356,000","357,000","342,000","9,91K","-0,57%"
"23.02.2021","350,000","365,000","370,000","336,000","13,49K","-7,65%"
"22.02.2021","379,000","385,000","389,000","376,000","8,25K","-1,43%"
"19.02.2021","384,500","391,000","405,000","380,000","12,10K","-1,41%"
"18.02.2021","390,000","382,000","401,000","362,190","15,44K","1,83%"
"17.02.2021","383,000","396,000","401,500","381,000","8,83K","-4,96%"
"16.02.2021","403,000","407,000","410,000","394,500","7,82K","0,00%"
"12.02.2021","403,000","405,000","410,000","392,100","7,18K","-0,98%"
"11.02.2021","407,000","407,000","416,000","399,000","7,75K","0,25%"
"10.02.2021","406,000","428,470","439,990","396,010","12,15K","-3,79%"
"09.02.2021","422,000","422,000","436,500","413,000","11,52K","0,48%"
"08.02.2021","420,000","409,000","440,000","402,000","14,24K","2,94%"
"05.02.2021","408,000","400,000","408,000","391,000","5,38K","1,49%"
"04.02.2021","402,000","397,000","404,000","384,500","6,26K","1,77%"
"03.02.2021","395,000","375,000","397,700","375,000","9,44K","5,33%"
"02.02.2021","375,000","369,000","377,000","360,000","5,03K","3,02%"
"01.02.2021","364,000","367,000","369,000","355,000","4,35K","0,28%"
"29.01.2021","363,000","370,000","380,000","353,000","7,71K","-0,82%"
"28.01.2021","366,000","379,000","385,000","366,000","9,33K","-3,43%"
"27.01.2021","379,000","390,000","400,000","375,000","8,75K","-5,96%"
"26.01.2021","403,000","410,000","425,000","398,000","11,02K","-1,71%"
"25.01.2021","410,000","390,000","412,000","381,000","10,68K","5,40%"
"22.01.2021","389,000","381,000","390,000","376,000","4,95K","1,30%"
"21.01.2021","384,000","388,000","388,000","374,500","5,47K","0,79%"
"20.01.2021","381,000","386,000","390,000","374,000","5,10K","0,53%"
"19.01.2021","379,000","393,000","395,000","375,000","8,51K","-1,56%"
"15.01.2021","385,000","377,000","393,500","377,000","8,10K","2,39%"
"14.01.2021","376,000","374,000","384,000","366,000","6,37K","1,08%"
"13.01.2021","372,000","375,000","376,000","367,000","4,06K","-0,80%"
"12.01.2021","375,000","374,000","378,000","362,000","7,35K","0,00%"
"11.01.2021","375,000","377,000","384,000","372,000","3,75K","-0,79%"
"08.01.2021","378,000","387,000","393,000","370,000","4,13K","-2,07%"
"07.01.2021","386,000","388,000","392,000","375,000","6,49K","4,32%"
"06.01.2021","370,000","370,000","381,000","363,000","10,33K","1,65%"
"05.01.2021","364,000","371,000","381,000","363,000","8,50K","-2,41%"
"04.01.2021","373,000","382,000","382,000","361,000","4,88K","-0,80%"
"31.12.2020","376,000","383,000","383,000","371,000","3,05K","-0,79%"
"30.12.2020","379,000","376,000","390,000","368,000","3,33K","0,80%"
"29.12.2020","376,000","379,000","381,000","365,000","5,74K","-2,34%"
"28.12.2020","385,000","414,000","428,000","381,000","7,78K","-6,55%"
"24.12.2020","412,000","430,000","434,450","408,000","2,21K","-2,83%"
"23.12.2020","424,000","417,000","430,000","412,000","6,52K","3,41%"
"22.12.2020","410,000","400,000","418,000","391,890","7,34K","3,27%"
"21.12.2020","397,000","362,000","399,000","358,500","12,34K","9,07%"
"18.12.2020","364,000","359,000","378,000","354,000","17,09K","1,39%"
"17.12.2020","359,000","356,000","359,000","343,920","7,48K","1,41%"
"16.12.2020","354,000","357,000","360,000","346,000","6,28K","-0,56%"
"15.12.2020","356,000","371,000","373,000","352,010","4,04K","-2,20%"
"14.12.2020","364,000","380,000","388,000","363,000","8,05K","-1,62%"
"11.12.2020","370,000","356,000","382,000","350,000","7,59K","3,93%"
"10.12.2020","356,000","351,000","360,200","348,000","5,26K","1,71%"
"09.12.2020","350,000","374,000","376,000","343,000","11,95K","-5,15%"
"08.12.2020","369,000","373,000","378,000","362,000","10,87K","-2,89%"
"07.12.2020","380,000","380,000","392,990","372,010","10,74K","1,88%"
"04.12.2020","373,000","367,000","376,000","365,000","5,20K","2,47%"
"03.12.2020","364,000","385,000","392,150","362,000","7,05K","-6,19%"
"02.12.2020","388,000","375,000","390,000","367,000","9,60K","3,47%"
"01.12.2020","375,000","385,000","390,000","373,000","9,37K","-0,27%"
"30.11.2020","376,000","365,000","378,000","362,000","3,99K","2,73%"
"27.11.2020","366,000","359,000","368,000","350,580","4,00K","1,39%"
"25.11.2020","361,000","363,000","366,000","352,000","3,78K","0,28%"
"24.11.2020","360,000","385,000","385,900","354,000","11,68K","-1,37%"
"23.11.2020","365,000","373,000","378,000","362,330","4,50K","-0,27%"
"20.11.2020","366,000","379,000","380,000","361,000","5,68K","-4,19%"
"19.11.2020","382,000","407,000","419,000","375,000","4,71K","-5,21%"
"18.11.2020","403,000","405,000","425,000","402,500","4,82K","0,25%"
"17.11.2020","402,000","376,000","420,000","371,000","12,24K","6,63%"
"16.11.2020","377,000","351,000","379,000","351,000","5,56K","8,02%"
"13.11.2020","349,000","365,000","365,000","344,000","4,26K","-3,06%"
"12.11.2020","360,000","359,000","369,000","348,000","5,68K","-1,37%"
"11.11.2020","365,000","344,000","378,000","326,000","8,95K","8,96%"
"10.11.2020","335,000","326,000","340,000","313,000","6,07K","7,37%"
"09.11.2020","312,000","310,000","328,000","306,000","6,08K","4,70%"
"06.11.2020","298,000","308,000","308,000","285,000","4,78K","-2,30%"
"05.11.2020","305,000","300,000","310,000","287,000","6,78K","3,04%"
"04.11.2020","296,000","277,000","308,000","260,000","46,07K","10,04%"
"03.11.2020","269,000","270,000","280,500","267,000","6,00K","-0,74%"
"02.11.2020","271,000","282,000","285,000","267,460","2,51K","-3,21%"
"30.10.2020","280,000","286,000","287,000","275,000","1,36K","-2,78%"
"29.10.2020","288,000","300,000","301,000","287,000","2,74K","-3,36%"
"28.10.2020","298,000","318,000","324,000","297,000","6,00K","-8,59%"
"27.10.2020","326,000","335,000","339,000","323,000","2,84K","-1,81%"
"26.10.2020","332,000","322,000","339,000","320,000","1,88K","2,79%"
"23.10.2020","323,000","322,000","333,000","316,000","4,39K","0,31%"
"22.10.2020","322,000","322,000","332,000","310,000","1,10K","0,94%"
"21.10.2020","319,000","333,000","333,000","315,000","1,60K","-4,49%"
"20.10.2020","334,000","332,000","338,000","321,500","1,54K","1,83%"
"19.10.2020","328,000","340,000","348,000","328,000","1,28K","-2,09%"
"16.10.2020","335,000","326,000","345,000","323,000","1,31K","2,13%"
"15.10.2020","328,000","340,000","341,000","321,000","2,53K","-4,37%"
"14.10.2020","343,000","356,000","360,000","343,000","1,07K","-3,65%"
"13.10.2020","356,000","352,000","360,000","342,000","1,33K","-0,56%"
"12.10.2020","358,000","354,000","360,000","346,000","1,19K","0,85%"
"09.10.2020","355,000","352,000","360,000","348,000","1,26K","0,57%"
"08.10.2020","353,000","351,000","362,000","345,000","2,16K","0,86%"
"07.10.2020","350,000","341,000","353,000","340,000","2,55K","2,64%"
"06.10.2020","341,000","358,000","358,000","332,000","7,40K","4,28%"
"05.10.2020","327,000","317,000","330,000","317,000","13,02K","4,47%"
"02.10.2020","313,000","307,000","322,000","306,000","1,16K","-1,57%"
"01.10.2020","318,000","309,000","322,000","306,000","2,20K","3,58%"
"30.09.2020","307,000","317,000","319,000","306,000","2,68K","-1,60%"
"29.09.2020","312,000","317,000","327,000","311,000","1,92K","-4,29%"
"28.09.2020","326,000","326,000","331,000","318,000","2,01K","0,93%"
"25.09.2020","323,000","322,000","329,000","315,000","1,76K","0,00%"
"24.09.2020","323,000","330,000","330,220","315,000","2,85K","-2,56%"
"23.09.2020","331,500","341,000","352,000","331,000","3,67K","-2,79%"
"22.09.2020","341,000","347,000","356,000","330,000","3,16K","-3,13%"
"21.09.2020","352,000","358,000","361,500","344,280","3,01K","-2,49%"
"18.09.2020","361,000","376,000","384,000","349,000","5,88K","-2,56%"
"17.09.2020","370,500","363,000","380,500","363,000","1,69K","-0,40%"
"16.09.2020","372,000","359,000","390,000","359,000","3,07K","4,49%"
"15.09.2020","356,000","360,000","377,000","355,000","2,53K","0,00%"
"14.09.2020","356,000","343,000","364,000","333,000","2,91K","5,64%"
"11.09.2020","337,000","342,000","351,000","332,010","1,17K","-0,88%"
"10.09.2020","340,000","347,000","354,500","339,000","0,96K","-1,16%"
"09.09.2020","344,000","345,000","358,000","335,000","1,66K","0,58%"
"08.09.2020","342,000","324,000","351,000","317,000","2,43K","3,01%"
"04.09.2020","332,000","342,000","342,000","315,400","2,80K","-2,06%"
"03.09.2020","339,000","373,000","373,000","336,380","3,30K","-8,87%"
"02.09.2020","372,000","377,000","377,000","359,000","3,05K","-1,59%"
"01.09.2020","378,000","367,000","381,000","364,000","2,11K","2,44%"
"31.08.2020","369,000","377,000","385,000","366,330","1,41K","-2,12%"
"28.08.2020","377,000","365,000","377,000","360,000","2,13K","4,43%"
"27.08.2020","361,000","364,000","369,000","348,000","2,39K","0,00%"
"26.08.2020","361,000","358,000","369,000","353,000","2,27K","0,84%"
"25.08.2020","358,000","348,000","358,000","338,000","1,85K","3,47%"
"24.08.2020","346,000","363,000","363,000","343,000","2,69K","-3,08%"
"21.08.2020","357,000","373,000","374,000","350,000","3,09K","-4,55%"
"20.08.2020","374,000","367,000","375,000","366,950","1,42K","0,54%"
"19.08.2020","372,000","373,000","377,000","364,000","2,01K","-0,53%"
"18.08.2020","374,000","385,000","390,000","374,000","2,10K","-2,86%"
"17.08.2020","385,000","373,000","390,000","368,000","2,21K","4,05%"
"14.08.2020","370,000","376,000","385,000","365,000","1,89K","-2,12%"
"13.08.2020","378,000","372,000","384,000","368,000","2,32K","0,80%"
"12.08.2020","375,000","378,000","384,000","368,000","3,45K","0,00%"
"11.08.2020","375,000","405,000","405,000","371,000","3,98K","-6,25%"
"10.08.2020","400,000","391,000","413,500","386,000","5,38K","2,30%"
"07.08.2020","391,000","395,000","398,000","382,000","5,18K","0,77%"
"06.08.2020","388,000","386,000","392,990","375,000","3,86K","0,52%"
"05.08.2020","386,000","397,000","406,000","385,000","3,01K","-1,78%"
"04.08.2020","393,000","400,000","409,000","388,000","4,39K","-1,75%"
"03.08.2020","400,000","396,000","427,380","396,000","5,14K","1,52%"
"31.07.2020","394,000","418,000","425,000","387,000","6,65K","-5,06%"
"30.07.2020","415,000","420,000","430,000","406,000","4,95K","-3,26%"
"29.07.2020","429,000","443,000","448,000","417,000","4,24K","-2,50%"
"28.07.2020","440,000","459,000","462,890","431,000","3,06K","-4,56%"
"27.07.2020","461,000","447,000","468,000","443,030","9,30K","3,13%"
"24.07.2020","447,000","467,000","480,000","438,000","5,93K","-4,89%"
"23.07.2020","470,000","493,000","498,000","455,000","6,08K","-2,69%"
"22.07.2020","483,000","496,000","518,000","472,000","13,89K","0,21%"
"21.07.2020","482,000","509,000","518,990","479,000","6,90K","-3,60%"
"20.07.2020","500,000","470,000","513,000","447,000","15,42K","7,53%"
"17.07.2020","465,000","432,000","471,000","432,000","4,90K","7,14%"
"16.07.2020","434,000","433,000","446,000","413,000","3,17K","-0,57%"
"15.07.2020","436,500","410,000","440,000","405,000","6,08K","8,85%"
"14.07.2020","401,000","389,000","402,000","380,000","5,53K","3,35%"
"13.07.2020","388,000","404,000","423,000","388,000","4,30K","-3,24%"
"10.07.2020","401,000","397,000","403,000","378,000","5,91K","-0,25%"
"09.07.2020","402,000","400,000","425,000","397,000","9,89K","2,03%"
"08.07.2020","394,000","373,000","395,000","367,000","4,97K","5,07%"
"07.07.2020","375,000","379,000","393,000","372,000","5,79K","-1,32%"
"06.07.2020","380,000","385,000","386,760","368,000","4,72K","1,06%"
"02.07.2020","376,000","390,000","390,000","359,000","4,70K","-1,83%"
"01.07.2020","383,000","377,000","387,000","373,000","9,00K","1,86%"
"30.06.2020","376,000","380,000","386,000","368,000","6,89K","0,53%"
"29.06.2020","374,000","337,000","396,000","334,000","15,79K","8,09%"
"26.06.2020","346,000","300,000","346,000","296,000","44,03K","14,95%"
"25.06.2020","301,000","300,000","312,000","296,000","6,44K","0,33%"
"24.06.2020","300,000","305,000","317,000","295,000","6,72K","-1,96%"
"23.06.2020","306,000","314,000","330,000","306,000","5,78K","-0,65%"
"22.06.2020","308,000","299,000","311,000","290,000","8,15K","3,36%"
"19.06.2020","298,000","305,000","313,000","294,000","8,60K","-1,32%"
"18.06.2020","302,000","295,000","313,000","294,660","4,61K","1,00%"
"17.06.2020","299,000","312,000","326,000","295,990","7,58K","-4,17%"
"16.06.2020","312,000","318,000","322,000","297,000","5,90K","2,97%"
"15.06.2020","303,000","292,000","324,000","269,000","14,39K","1,00%"
"12.06.2020","300,000","275,000","426,000","262,000","131,68K","12,36%"
"11.06.2020","267,000","283,000","288,000","264,000","4,41K","-9,18%"
"10.06.2020","294,000","309,000","311,000","291,000","2,45K","-4,55%"
"09.06.2020","308,000","316,000","318,000","297,000","4,04K","-3,75%"
"08.06.2020","320,000","304,000","336,000","294,010","4,28K","8,47%"
"05.06.2020","295,000","295,000","305,000","290,000","4,19K","2,79%"
"04.06.2020","287,000","284,000","301,000","282,500","3,31K","1,41%"
"03.06.2020","283,000","290,000","292,000","276,000","2,97K","-0,35%"
"02.06.2020","284,000","286,000","292,000","275,000","3,01K","-0,35%"
"01.06.2020","285,000","281,000","297,480","281,000","2,96K","0,71%"