data,Preco
2020-06-01,285.0
2020-06-02,284.0
2020-06-03,283.0
2020-06-04,287.0
2020-06-05,295.0
2020-06-08,320.0
2020-06-09,308.0
2020-06-10,294.0
2020-06-11,267.0
2020-06-12,300.0
2020-06-15,303.0
2020-06-16,312.0
2020-06-17,299.0
2020-06-18,302.0
2020-06-19,298.0
2020-06-22,308.0
2020-06-23,306.0
2020-06-24,300.0
2020-06-25,301.0
2020-06-26,346.0
2020-06-29,374.0
2020-06-30,376.0
2020-07-01,383.0
2020-07-02,376.0
2020-07-06,380.0
2020-07-07,375.0
2020-07-08,394.0
2020-07-09,402.0
2020-07-10,401.0
2020-07-13,388.0
2020-07-14,401.0
2020-07-15,436.5
2020-07-16,434.0
2020-07-17,465.0
2020-07-20,500.0
2020-07-21,482.0
2020-07-22,483.0
2020-07-23,470.0
2020-07-24,447.0
2020-07-27,461.0
2020-07-28,440.0
2020-07-29,429.0
2020-07-30,415.0
2020-07-31,394.0
2020-08-03,400.0
2020-08-04,393.0
2020-08-05,386.0
2020-08-06,388.0
2020-08-07,391.0
2020-08-10,400.0
2020-08-11,375.0
2020-08-12,375.0
2020-08-13,378.0
2020-08-14,370.0
2020-08-17,385.0
2020-08-18,374.0
2020-08-19,372.0
2020-08-20,374.0
2020-08-21,357.0
2020-08-24,346.0
2020-08-25,358.0
2020-08-26,361.0
2020-08-27,361.0
2020-08-28,377.0
2020-08-31,369.0
2020-09-01,378.0
2020-09-02,372.0
2020-09-03,339.0
2020-09-04,332.0
2020-09-08,342.0
2020-09-09,344.0
2020-09-10,340.0
2020-09-11,337.0
2020-09-14,356.0
2020-09-15,356.0
2020-09-16,372.0
2020-09-17,370.5
2020-09-18,361.0
2020-09-21,352.0
2020-09-22,341.0
2020-09-23,331.5
2020-09-24,323.0
2020-09-25,323.0
2020-09-28,326.0
2020-09-29,312.0
2020-09-30,307.0
2020-10-01,318.0
2020-10-02,313.0
2020-10-05,327.0
2020-10-06,341.0
2020-10-07,350.0
2020-10-08,353.0
2020-10-09,355.0
2020-10-12,358.0
2020-10-13,356.0
2020-10-14,343.0
2020-10-15,328.0
2020-10-16,335.0
2020-10-19,328.0
2020-10-20,334.0
2020-10-21,319.0
2020-10-22,322.0
2020-10-23,323.0
2020-10-26,332.0
2020-10-27,326.0
2020-10-28,298.0
2020-10-29,288.0
2020-10-30,280.0
2020-11-02,271.0
2020-11-03,269.0
2020-11-04,296.0
2020-11-05,305.0
2020-11-06,298.0
2020-11-09,312.0
2020-11-10,335.0
2020-11-11,365.0
2020-11-12,360.0
2020-11-13,349.0
2020-11-16,377.0
2020-11-17,402.0
2020-11-18,403.0
2020-11-19,382.0
2020-11-20,366.0
2020-11-23,365.0
2020-11-24,360.0
2020-11-25,361.0
2020-11-27,366.0
2020-11-30,376.0
2020-12-01,375.0
2020-12-02,388.0
2020-12-03,364.0
2020-12-04,373.0
2020-12-07,380.0
2020-12-08,369.0
2020-12-09,350.0
2020-12-10,356.0
2020-12-11,370.0
2020-12-14,364.0
2020-12-15,356.0
2020-12-16,354.0
2020-12-17,359.0
2020-12-18,364.0
2020-12-21,397.0
2020-12-22,410.0
2020-12-23,424.0
2020-12-24,412.0
2020-12-28,385.0
2020-12-29,376.0
2020-12-30,379.0
2020-12-31,376.0
2021-01-04,373.0
2021-01-05,364.0
2021-01-06,370.0
2021-01-07,386.0
2021-01-08,378.0
2021-01-11,375.0
2021-01-12,375.0
2021-01-13,372.0
2021-01-14,376.0
2021-01-15,385.0
2021-01-19,379.0
2021-01-20,381.0
2021-01-21,384.0
2021-01-22,389.0
2021-01-25,410.0
2021-01-26,403.0
2021-01-27,379.0
2021-01-28,366.0
2021-01-29,363.0
2021-02-01,364.0
2021-02-02,375.0
2021-02-03,395.0
2021-02-04,402.0
2021-02-05,408.0
2021-02-08,420.0
2021-02-09,422.0
2021-02-10,406.0
2021-02-11,407.0
2021-02-12,403.0
2021-02-16,403.0
2021-02-17,383.0
2021-02-18,390.0
2021-02-19,384.5
2021-02-22,379.0
2021-02-23,350.0
2021-02-24,348.0
2021-02-25,342.0
2021-02-26,332.0
2021-03-01,359.0
2021-03-02,324.0
2021-03-03,306.0
2021-03-04,297.0
2021-03-05,308.0
2021-03-08,295.0
2021-03-09,307.0
2021-03-10,315.0
2021-03-11,334.0
2021-03-12,331.0
2021-03-15,340.0
2021-03-16,341.0
2021-03-17,346.0
2021-03-18,333.0
2021-03-19,345.0
2021-03-22,346.0
2021-03-23,313.0
2021-03-24,291.0
2021-03-25,311.0
2021-03-26,304.0
2021-03-29,289.0
2021-03-30,290.0
2021-03-31,301.0
2021-04-01,317.0
2021-04-05,317.0
2021-04-06,311.0
2021-04-07,318.0
2021-04-08,310.0
2021-04-09,289.0
2021-04-12,259.0
2021-04-13,253.0
2021-04-14,263.0
2021-04-15,255.0
2021-04-16,261.0
2021-04-19,247.0
2021-04-20,250.0
2021-04-21,261.0
2021-04-22,253.0
2021-04-23,252.0
2021-04-26,263.0
2021-04-27,259.0
2021-04-28,258.0
2021-04-29,250.0
2021-04-30,240.0
2021-05-03,240.0
2021-05-04,232.0
2021-05-05,237.0
2021-05-06,230.0
2021-05-07,228.0
2021-05-10,216.0
2021-05-11,223.0
2021-05-12,225.0
2021-05-13,252.0
2021-05-14,241.0
2021-05-17,243.0
2021-05-18,255.0
2021-05-19,253.0
2021-05-20,245.0
2021-05-21,252.0
2021-05-24,241.0
2021-05-25,227.0
2021-05-26,238.0
2021-05-27,246.0
2021-05-28,255.0
2021-06-01,256.0
2021-06-02,254.0
2021-06-03,269.0
2021-06-04,260.0
2021-06-07,261.0
2021-06-08,268.0
2021-06-09,271.0
2021-06-10,279.0
2021-06-11,275.0
2021-06-14,273.0
2021-06-15,258.0
2021-06-16,254.0
2021-06-17,244.0
2021-06-18,233.0
2021-06-21,238.0
2021-06-22,234.0
2021-06-23,235.0
2021-06-24,248.0
2021-06-25,251.0
2021-06-28,239.0
2021-06-29,236.0
2021-06-30,232.0
2021-07-01,231.0
2021-07-02,228.0
2021-07-06,223.0
2021-07-07,212.0
2021-07-08,216.0
2021-07-09,224.0
2021-07-12,216.0
2021-07-13,216.0
2021-07-14,210.0
2021-07-15,203.0
2021-07-16,203.0
2021-07-19,208.0
2021-07-20,208.0
2021-07-21,217.0
2021-07-22,212.0
2021-07-23,211.0
2021-07-26,204.0
2021-07-27,202.0
2021-07-28,205.0
2021-07-29,206.0
2021-07-30,202.0
2021-08-02,201.0
2021-08-03,203.0
2021-08-04,197.0
2021-08-05,215.0
2021-08-06,206.0
2021-08-09,206.0
2021-08-10,202.0
2021-08-11,202.0
2021-08-12,203.0
2021-08-13,198.0
2021-08-16,189.0
2021-08-17,187.0
2021-08-18,188.0
2021-08-19,180.0
2021-08-20,185.0
2021-08-23,195.0
2021-08-24,192.0
2021-08-25,199.0
2021-08-26,201.0
2021-08-27,201.0
2021-08-30,207.0
2021-08-31,222.0
2021-09-01,222.0
2021-09-02,227.0
2021-09-03,234.0
2021-09-07,225.0
2021-09-08,231.0
2021-09-09,228.0
2021-09-10,225.0
2021-09-13,229.0
2021-09-14,216.0
2021-09-15,214.0
2021-09-16,209.0
2021-09-17,226.0
2021-09-20,211.0
2021-09-21,222.0
2021-09-22,222.0
2021-09-23,229.0
2021-09-24,229.0
2021-09-27,239.0
2021-09-28,233.0
2021-09-29,227.0
2021-09-30,219.0
2021-10-01,209.0
2021-10-04,195.0
2021-10-05,197.0
2021-10-06,202.0
2021-10-07,200.0
2021-10-08,191.0
2021-10-11,193.0
2021-10-12,199.0
2021-10-13,198.0
2021-10-14,203.0
2021-10-15,198.0
2021-10-18,193.0
2021-10-19,193.0
2021-10-20,193.0
2021-10-21,192.0
2021-10-22,196.0
2021-10-25,191.0
2021-10-26,192.0
2021-10-27,187.0
2021-10-28,189.0
2021-10-29,191.0
2021-11-01,200.0
2021-11-02,205.0
2021-11-03,204.0
2021-11-04,197.0
2021-11-05,198.0
2021-11-08,201.0
2021-11-09,211.0
2021-11-10,202.0
2021-11-11,203.0
2021-11-12,213.0
2021-11-15,214.0
2021-11-16,200.0
2021-11-17,194.0
2021-11-18,184.0
2021-11-19,188.0
2021-11-22,184.0
2021-11-23,180.0
2021-11-24,181.0
2021-11-26,179.0
2021-11-29,172.0
2021-11-30,169.0
2021-12-01,163.0
2021-12-02,163.0
2021-12-03,153.0
2021-12-06,155.0
2021-12-07,166.0
2021-12-08,166.0
2021-12-09,164.0
2021-12-10,161.0
2021-12-13,159.0
2021-12-14,151.0
2021-12-15,152.0
2021-12-16,156.0
2021-12-17,161.0
2021-12-20,159.0
2021-12-21,157.0
2021-12-22,155.0
2021-12-23,160.0
2021-12-27,151.0
2021-12-28,146.0
2021-12-29,145.0
2021-12-30,146.0
2021-12-31,144.0
2022-01-03,158.0
2022-01-04,150.0
2022-01-05,141.0
2022-01-06,142.0
2022-01-07,139.0
2022-01-10,133.0
2022-01-11,136.0
2022-01-12,128.0
2022-01-13,125.0
2022-01-14,124.0
2022-01-18,124.0
2022-01-19,120.0
2022-01-20,118.0
2022-01-21,111.0
2022-01-24,108.0
2022-01-25,113.0
2022-01-26,113.0
2022-01-27,107.0
2022-01-28,114.5
2022-01-31,119.0
2022-02-01,119.0
2022-02-02,109.0
2022-02-03,106.0
2022-02-04,108.0
2022-02-07,107.0
2022-02-08,105.0
2022-02-09,110.0
2022-02-10,107.0
2022-02-11,109.0
2022-02-14,104.0
2022-02-15,106.0
2022-02-16,107.0
2022-02-17,112.0
2022-02-18,111.0
2022-02-22,111.0
2022-02-23,111.0
2022-02-24,112.0
2022-02-25,119.0
2022-02-28,123.0
2022-03-01,127.0
2022-03-02,136.0
2022-03-03,125.21790917330526
2022-03-04,107.0
2022-03-07,105.0
2022-03-08,105.0
2022-03-09,110.0
2022-03-10,116.0
2022-03-11,110.0
2022-03-14,104.33333333333333
2022-03-15,103.66666666666667
2022-03-16,108.0
2022-03-17,116.0
2022-03-18,120.0
2022-03-21,120.0
2022-03-22,126.0
2022-03-23,124.0
2022-03-24,128.0
2022-03-25,123.0
2022-03-28,117.0
2022-03-29,116.0
2022-03-30,115.0
2022-03-31,114.0
2022-04-01,115.0
2022-04-04,112.5
2022-04-05,110.0
2022-04-06,107.0
2022-04-07,108.0
2022-04-08,106.0
2022-04-11,104.0
2022-04-12,103.0
2022-04-13,105.0
2022-04-14,100.0
2022-04-18,92.43
2022-04-19,95.01
2022-04-20,95.93
2022-04-21,93.14
2022-04-22,90.99
2022-04-25,89.55
2022-04-26,87.93
2022-04-27,84.01
2022-04-28,77.31
2022-04-29,71.86
2022-05-02,75.74
2022-05-03,72.9
2022-05-04,75.46
2022-05-05,68.24
2022-05-06,66.29
2022-05-09,62.21
2022-05-10,63.6
2022-05-11,56.96
2022-05-12,54.05
2022-05-13,56.39
2022-05-16,60.12
2022-05-17,62.8
2022-05-18,60.1
2022-05-19,61.54
2022-05-20,61.3
2022-05-23,61.55
2022-05-24,58.0
2022-05-25,60.92
2022-05-26,60.01
2022-05-27,63.16
2022-05-31,66.58
2022-06-01,65.0
2022-06-02,63.2
2022-06-03,70.64
2022-06-06,64.5
2022-06-07,62.0
2022-06-08,64.55
2022-06-09,67.45
2022-06-10,66.58
2022-06-13,60.02
2022-06-14,60.01
2022-06-15,56.11
2022-06-16,54.0
2022-06-17,59.71666666666666
2022-06-21,63.41
2022-06-22,62.51
2022-06-23,66.12
2022-06-24,61.56
2022-06-27,62.0
2022-06-28,60.8
2022-06-29,61.55
2022-06-30,59.79
2022-07-01,56.34
2022-07-05,55.5
2022-07-06,60.43
2022-07-07,63.0
2022-07-08,65.22
2022-07-11,65.2
2022-07-12,65.27
2022-07-13,64.929
2022-07-14,64.17
2022-07-15,63.21
2022-07-18,70.0
2022-07-19,77.0
2022-07-20,73.0
2022-07-21,74.24
2022-07-22,71.63
2022-07-25,68.0
2022-07-26,69.0
2022-07-27,71.31
2022-07-28,67.6
2022-07-29,66.3
2022-08-01,66.75
2022-08-02,67.2
2022-08-03,70.07
2022-08-04,73.91
2022-08-05,80.98903110668131
2022-08-08,88.0
2022-08-09,80.05
2022-08-10,89.05
2022-08-11,84.87
2022-08-12,87.97
2022-08-15,84.0
2022-08-16,86.0
2022-08-17,85.0
2022-08-18,83.4
2022-08-19,84.77
2022-08-22,82.98
2022-08-23,82.66
2022-08-24,84.5
2022-08-25,89.5
2022-08-26,85.56
2022-08-29,79.79
2022-08-30,75.57
2022-08-31,76.0
2022-09-01,75.03
2022-09-02,73.54
2022-09-06,73.5
2022-09-07,74.18
2022-09-08,73.5
2022-09-09,73.0
2022-09-12,73.0
2022-09-13,73.87
2022-09-14,73.03
2022-09-15,68.59
2022-09-16,63.4
2022-09-19,67.31
2022-09-20,64.99
2022-09-21,64.25
2022-09-22,61.63
2022-09-23,55.98
2022-09-26,58.4
2022-09-27,56.66
2022-09-28,56.0
2022-09-29,55.73
2022-09-30,55.17
2022-10-03,57.49
2022-10-04,63.99
2022-10-05,63.8
2022-10-06,63.24
2022-10-07,64.12
2022-10-10,62.0
2022-10-11,59.9
2022-10-12,61.23
2022-10-13,62.33
2022-10-14,62.15
2022-10-17,61.79
2022-10-18,61.9
2022-10-19,61.0
2022-10-20,58.0
2022-10-21,61.1
2022-10-24,61.7
2022-10-25,62.4
2022-10-26,63.01
2022-10-27,71.48
2022-10-28,70.82
2022-10-31,67.83
2022-11-01,72.0
2022-11-02,70.76
2022-11-03,69.22
2022-11-04,67.0
2022-11-07,68.11
2022-11-08,68.74
2022-11-09,72.81425716010757
2022-11-10,80.90565664635233
2022-11-11,92.51751912993606
2022-11-14,133.42087428945663
2022-11-15,164.5817012461446
2022-11-16,186.07867082056512
2022-11-17,206.33333333333334
2022-11-18,212.0
2022-11-21,210.66666666666666
2022-11-22,205.33333333333334
2022-11-23,206.0
2022-11-25,209.66666666666666
2022-11-28,208.0
2022-11-29,211.66666666666666
2022-11-30,211.33333333333334
2022-12-01,214.0
2022-12-02,229.0
2022-12-05,225.0
2022-12-06,222.0
2022-12-07,243.0
2022-12-08,235.0
2022-12-09,207.0
2022-12-12,215.0
2022-12-13,217.0
2022-12-14,221.0
2022-12-15,204.0
2022-12-16,214.0
2022-12-19,220.0
2022-12-20,222.0
2022-12-21,220.0
2022-12-22,226.0
2022-12-23,227.0
2022-12-27,224.0
2022-12-28,266.2204464532761
2022-12-29,290.07348215109204
2022-12-30,303.0
2023-01-03,291.0
2023-01-04,292.0
2023-01-05,278.3333333333333
2023-01-06,273.6666666666667
2023-01-09,283.6666666666667
2023-01-10,282.0
2023-01-11,285.3333333333333
2023-01-12,288.0
2023-01-13,302.0
2023-01-17,288.0
2023-01-18,269.0
2023-01-19,255.0
2023-01-20,256.0
2023-01-23,287.0
2023-01-24,317.0
2023-01-25,310.0
2023-01-26,335.0
2023-01-27,339.0
2023-01-30,306.6666666666667
2023-01-31,296.6666666666667
2023-02-01,301.0
2023-02-02,307.0
2023-02-03,305.6666666666667
2023-02-06,305.0
2023-02-07,334.0
2023-02-08,318.0
2023-02-09,326.0
2023-02-10,348.0
2023-02-13,308.568909938288
2023-02-14,273.1143931463266
2023-02-15,239.22513994432424
2023-02-16,210.7714757572137
2023-02-17,195.63371677742694
2023-02-21,186.0
2023-02-22,180.33333333333334
2023-02-23,172.66666666666666
2023-02-24,169.0
2023-02-27,162.0
2023-02-28,154.0
2023-03-01,156.0
2023-03-02,151.0
2023-03-03,156.0
2023-03-06,148.0
2023-03-07,146.0
2023-03-08,147.0
2023-03-09,133.0
2023-03-10,131.0
2023-03-13,145.0
2023-03-14,155.0
2023-03-15,149.0
2023-03-16,148.0
2023-03-17,140.0
2023-03-20,144.0
2023-03-21,146.0
2023-03-22,138.0
2023-03-23,140.0
2023-03-24,139.0
2023-03-27,141.0
2023-03-28,140.0
2023-03-29,127.0
2023-03-30,125.0
2023-03-31,126.0
2023-04-03,125.0
2023-04-04,121.0
2023-04-05,122.0
2023-04-06,127.0
2023-04-10,133.0
2023-04-11,136.0
2023-04-12,143.0
2023-04-13,151.0
2023-04-14,147.0
2023-04-17,156.0
2023-04-18,150.0
2023-04-19,151.0
2023-04-20,147.0
2023-04-21,144.0
2023-04-24,140.0
2023-04-25,137.0
2023-04-26,137.0
2023-04-27,137.0
2023-04-28,140.0
2023-05-01,143.0
2023-05-02,141.0
2023-05-03,136.0
2023-05-04,146.0
2023-05-05,153.0
2023-05-08,148.0
2023-05-09,152.0
2023-05-10,160.4991545912245
2023-05-11,174.0
2023-05-12,192.0
2023-05-15,208.0
2023-05-16,194.0
2023-05-17,204.0
2023-05-18,195.5
2023-05-19,198.0
2023-05-22,208.0
2023-05-23,191.0
2023-05-24,180.0
2023-05-25,174.0
2023-05-26,185.0
2023-05-30,180.0
2023-05-31,186.0
2023-06-01,192.0
2023-06-02,190.0
2023-06-05,201.0
2023-06-06,205.0
2023-06-07,189.0
2023-06-08,180.0
2023-06-09,182.0
2023-06-12,184.0
2023-06-13,178.0
2023-06-14,176.0
2023-06-15,191.0
2023-06-16,188.0
2023-06-20,188.0
2023-06-21,179.0
2023-06-22,189.0
2023-06-23,187.0
2023-06-26,183.0
2023-06-27,181.0
2023-06-28,178.0
2023-06-29,171.0
2023-06-30,174.0
2023-07-03,173.0
2023-07-05,170.0
2023-07-06,165.0
2023-07-07,167.0
2023-07-10,172.0
2023-07-11,172.0
2023-07-12,169.0
2023-07-13,164.0
2023-07-14,165.0
2023-07-17,169.0
2023-07-18,171.0
2023-07-19,160.0
2023-07-20,163.5
2023-07-21,166.0
2023-07-24,164.0
2023-07-25,162.0
2023-07-26,160.0
2023-07-27,161.0
2023-07-28,164.0
2023-07-31,164.0
2023-08-01,165.0
2023-08-02,159.0
2023-08-03,162.0
2023-08-04,160.0
2023-08-07,163.0
2023-08-08,162.0
2023-08-09,159.0
2023-08-10,163.0
2023-08-11,164.0
2023-08-14,165.0
2023-08-15,160.0
2023-08-16,153.0
2023-08-17,155.0
2023-08-18,157.0
2023-08-21,162.0
2023-08-22,162.0
2023-08-23,164.0
2023-08-24,161.0
2023-08-25,165.0
2023-08-28,162.0
2023-08-29,163.0
2023-08-30,160.0
2023-08-31,160.0
2023-09-01,157.0
2023-09-05,149.0
2023-09-06,151.0
2023-09-07,149.0
2023-09-08,148.0
2023-09-11,146.0
2023-09-12,146.0
2023-09-13,146.0
2023-09-14,147.0
2023-09-15,141.0
2023-09-18,143.0
2023-09-19,144.0
2023-09-20,139.0
2023-09-21,138.0
2023-09-22,141.0
2023-09-25,129.0
2023-09-26,143.0
2023-09-27,148.0
2023-09-28,157.0
2023-09-29,150.0
2023-10-02,142.0
2023-10-03,142.0
2023-10-04,139.0
2023-10-05,143.0
2023-10-06,139.0
2023-10-09,135.0
2023-10-10,132.0
2023-10-11,128.0
2023-10-12,125.0
2023-10-13,142.0
2023-10-16,143.0
2023-10-17,141.0
2023-10-18,131.0
2023-10-19,130.0
2023-10-20,126.0
2023-10-23,117.0
2023-10-24,115.0
2023-10-25,113.0
2023-10-26,125.0
2023-10-27,115.0
2023-10-30,130.0
2023-10-31,127.0
2023-11-01,126.0
2023-11-02,129.0
2023-11-03,135.0
2023-11-06,133.0
2023-11-07,134.0
2023-11-08,134.0
2023-11-09,120.0
2023-11-10,120.0
2023-11-13,133.0
2023-11-14,134.0
2023-11-15,139.0
2023-11-16,134.0
2023-11-17,145.0
2023-11-20,153.0
2023-11-21,150.0
2023-11-22,152.0
2023-11-24,159.0
2023-11-27,151.0
2023-11-28,153.0
2023-11-29,150.0
2023-11-30,164.0
2023-12-01,172.0
2023-12-04,161.0
2023-12-05,164.0
2023-12-06,157.0
2023-12-07,160.0
2023-12-08,161.0
2023-12-11,162.0
2023-12-12,176.0
2023-12-13,187.0
2023-12-14,200.0
2023-12-15,198.0
2023-12-18,197.0
2023-12-19,213.0
2023-12-20,205.0
2023-12-21,213.0
2023-12-22,226.6140258287182
2023-12-26,252.0
2023-12-27,249.0
2023-12-28,251.0
2023-12-29,236.0
2024-01-02,276.215590145332
2024-01-03,297.54892347866536
2024-01-04,294.3333333333333
2024-01-05,290.0
2024-01-08,290.6666666666667
2024-01-09,296.3333333333333
2024-01-10,300.6666666666667
2024-01-11,303.6666666666667
2024-01-12,301.6666666666667
2024-01-16,296.3333333333333
2024-01-17,287.0
2024-01-18,306.0
2024-01-19,298.0
2024-01-22,312.0
2024-01-23,349.0
2024-01-24,307.0
2024-01-25,316.0
2024-01-26,318.0
2024-01-29,320.0
2024-01-30,340.0
2024-01-31,311.0
2024-02-01,296.0
2024-02-02,300.3333333333333
2024-02-05,309.3333333333333
2024-02-06,320.0
2024-02-07,318.0
2024-02-08,320.0
2024-02-09,329.0
2024-02-12,311.0
2024-02-13,309.0
2024-02-14,308.0
2024-02-15,309.0
2024-02-16,322.0
2024-02-20,333.0
2024-02-21,299.0
2024-02-22,293.0
2024-02-23,290.0
2024-02-26,306.0
2024-02-27,302.0
2024-02-28,287.0
2024-02-29,289.0
2024-03-01,301.0
2024-03-04,304.0
2024-03-05,290.0
2024-03-06,290.0
2024-03-07,280.0
2024-03-08,273.0
2024-03-11,256.0
2024-03-12,262.0
2024-03-13,255.0
2024-03-14,261.0
2024-03-15,256.0
2024-03-18,280.0
2024-03-19,293.0
2024-03-20,305.0
2024-03-21,288.0
2024-03-22,293.0
2024-03-25,282.0
2024-03-26,285.0
2024-03-27,318.0
2024-03-28,300.0
2024-04-01,304.0
2024-04-02,296.0
2024-04-03,276.5
2024-04-04,271.0
2024-04-05,275.0
2024-04-08,259.0
2024-04-09,268.0
2024-04-10,245.0
2024-04-11,250.5
2024-04-12,240.0
2024-04-15,225.5
2024-04-16,215.0
2024-04-17,228.0
2024-04-18,216.0
2024-04-19,192.5
2024-04-22,180.0
2024-04-23,183.5
2024-04-24,185.5
2024-04-25,171.0
2024-04-26,164.0
2024-04-29,155.0
2024-04-30,159.09443397418045
2024-05-01,162.0
2024-05-02,157.9171397553506
2024-05-03,147.06711822728514
2024-05-06,102.92358262701134
2024-05-07,71.14656649715842
2024-05-08,52.93329103860729
2024-05-09,38.31167918269889
2024-05-10,29.812989236790088
2024-05-13,26.833333333333332
2024-05-14,26.94666666666667
2024-05-15,27.570000000000004
2024-05-16,28.349999999999998
2024-05-17,28.98
2024-05-20,28.790000000000003
2024-05-21,28.22
2024-05-22,27.69666666666667
2024-05-23,27.516666666666666
2024-05-24,27.0
2024-05-28,26.7
2024-05-29,25.65
2024-05-30,27.4
2024-05-31,27.1
2024-06-03,27.37
2024-06-04,29.39
2024-06-05,27.1
2024-06-06,26.03
2024-06-07,25.74
2024-06-10,24.779888290059098
2024-06-11,24.44449416993297
2024-06-12,24.134922315669673
2024-06-13,23.87127315183067
2024-06-14,23.67364710297742
2024-06-17,23.677911891946685
2024-06-18,23.945382548650954
2024-06-20,25.0
2024-06-21,25.73
2024-06-24,26.66
2024-06-25,27.118560650697976
2024-06-26,29.19
2024-06-27,31.72
2024-06-28,28.16
2024-07-01,29.61
2024-07-02,26.88
2024-07-03,27.31
2024-07-05,26.6
2024-07-08,27.91
2024-07-09,27.3
2024-07-10,28.22
2024-07-11,29.43
2024-07-12,28.82
2024-07-15,31.0
2024-07-16,31.61
2024-07-17,30.46
2024-07-18,41.309925063772624
2024-07-19,78.11433125410268
2024-07-22,122.86865865184383
2024-07-23,171.4694104532282
2024-07-24,199.5006752931556
2024-07-25,222.45350052848667
2024-07-26,233.12233769692412
2024-07-29,230.79999999999998
2024-07-30,222.73333333333335
2024-07-31,217.0
2024-08-01,212.0
2024-08-02,201.03333333333333
2024-08-05,188.76666666666665
2024-08-06,179.23333333333335
2024-08-07,174.4
2024-08-08,187.6
2024-08-09,180.0
2024-08-12,175.9
2024-08-13,180.0
2024-08-14,174.7
2024-08-15,179.20000000000002
2024-08-16,178.2
2024-08-19,170.2
2024-08-20,185.0
2024-08-21,185.0
2024-08-22,185.0
2024-08-23,190.0
2024-08-26,189.0
2024-08-27,180.0
2024-08-28,170.0
2024-08-29,173.2
2024-08-30,176.29999999999998
2024-09-03,170.10000000000002
2024-09-04,160.79999999999998
2024-09-05,164.60000000000002
2024-09-06,157.10000000000002
2024-09-09,163.29999999999998
2024-09-10,158.7
2024-09-11,162.39999999999998
2024-09-12,164.0
2024-09-13,170.0
2024-09-16,162.2
2024-09-17,165.0
2024-09-18,164.0
2024-09-19,170.0
2024-09-20,164.8
2024-09-23,164.5
2024-09-24,164.5
2024-09-25,159.5
2024-09-26,170.5
2024-09-27,167.0
2024-09-30,169.0
2024-10-01,165.79999999999998
2024-10-02,154.0
2024-10-03,160.2
2024-10-04,159.8
2024-10-07,156.0
2024-10-08,152.79999999999998
2024-10-09,143.5
2024-10-10,144.3
2024-10-11,150.1
2024-10-14,148.6
2024-10-15,152.4
2024-10-16,156.9
2024-10-17,158.5
2024-10-18,158.4
2024-10-21,160.0
2024-10-22,165.0
2024-10-23,177.5
2024-10-24,179.7513965140395
2024-10-25,169.51241094291214
2024-10-28,113.81134603802684
2024-10-29,74.9006109670545
2024-10-30,55.577799544666476
2024-10-31,43.91006857666505
2024-11-01,39.98333333333333
2024-11-04,39.419999999999995
2024-11-05,39.21666666666667
2024-11-06,39.553333333333335
2024-11-07,40.300000000000004
2024-11-08,41.669999999999995
2024-11-11,40.85
2024-11-12,40.50333333333333
2024-11-13,39.89666666666667
2024-11-14,39.94
2024-11-15,41.6
2024-11-18,41.52
2024-11-19,37.91
2024-11-20,33.0
2024-11-21,32.0
2024-11-22,31.68
2024-11-25,28.72
2024-11-26,30.709999999999997
2024-11-27,31.31
2024-11-29,32.98
2024-12-02,32.87333333333333
2024-12-03,31.343333333333334
2024-12-04,33.15147867708564
2024-12-05,41.4756492119086
2024-12-06,78.35823203116735
2024-12-09,122.79327171433157
2024-12-10,170.77896374172482
2024-12-11,198.22863544368843
2024-12-12,220.60545041677196
2024-12-13,233.9322545212224
2024-12-16,237.26666666666665
2024-12-17,231.63333333333333
2024-12-18,220.16666666666666
2024-12-19,220.4333333333333
2024-12-20,218.63333333333333
2024-12-23,230.79999999999998
2024-12-24,242.52139117694514
2024-12-26,258.4115851717873
2024-12-27,244.54380878823136
2024-12-30,211.3925226715161
2024-12-31,158.68560010445978
2025-01-02,117.67913154794068
2025-01-03,70.60902648771082
2025-01-06,44.72908839325829
2025-01-07,28.16333333333333
2025-01-08,27.53
2025-01-10,26.423333333333336
2025-01-13,25.566666666666663
2025-01-14,25.186666666666667
2025-01-15,25.23
2025-01-16,25.526666666666667
2025-01-17,25.836666666666662
2025-01-21,25.996666666666666
2025-01-22,25.7
2025-01-23,26.98
2025-01-24,27.23
2025-01-27,25.85
2025-01-28,25.22
2025-01-29,25.26
2025-01-30,28.76
2025-01-31,26.82
2025-02-03,26.2
2025-02-04,27.1
2025-02-05,27.9
2025-02-06,27.19
2025-02-07,26.51
2025-02-10,26.07
2025-02-11,27.6
2025-02-12,25.98
2025-02-13,28.38
2025-02-14,29.0
2025-02-18,31.324156572940133
2025-02-19,31.09
2025-02-20,30.15
2025-02-21,29.49
2025-02-24,28.06
2025-02-25,27.790750902978946
2025-02-26,27.630304848921163
2025-02-27,27.54492769885655
2025-02-28,27.500885313815015
2025-03-03,27.279425359127856
2025-03-04,27.063380644477633
2025-03-05,26.72
2025-03-06,26.54
2025-03-07,27.25
2025-03-10,26.1
2025-03-11,26.35
2025-03-12,25.9
2025-03-13,25.96
2025-03-14,26.37
2025-03-17,26.93
2025-03-18,27.09
2025-03-19,45.985367354340546
2025-03-20,72.3989097536796
2025-03-21,132.61331229171108
2025-03-24,191.5615492992456
2025-03-25,241.21897951908576
2025-03-26,248.62997174568042
2025-03-27,239.26763928584592
2025-03-28,224.16666666666666
2025-03-31,209.76666666666665
2025-04-01,206.9333333333333
2025-04-02,198.63333333333333
2025-04-03,191.6
2025-04-04,180.46666666666667
2025-04-07,176.29999999999998
2025-04-08,183.8
2025-04-09,192.2
2025-04-10,194.6
2025-04-11,201.9
2025-04-14,222.0
2025-04-15,227.8
2025-04-16,222.0
2025-04-17,223.0
2025-04-21,234.62540437979268
2025-04-22,236.81655240104735
2025-04-23,238.7509439351391
2025-04-24,240.4432413532253
2025-04-25,241.90810702646297
2025-04-28,245.08473728865832
2025-04-29,245.78649969407488
2025-04-30,246.33414221042935
2025-05-01,246.74232720887886
2025-05-02,247.02571706058075
2025-05-05,247.27373944677288
2025-05-06,247.2045724230566
2025-05-07,247.08392210837886
2025-05-08,246.92645087389695
2025-05-09,246.74682109076815
2025-05-12,246.22160416107252
2025-05-13,246.09996389492846
2025-05-14,246.02947693592375
2025-05-15,246.02480565521552
2025-05-16,246.10061242396117
2025-05-19,246.95752473849333
2025-05-20,247.50186741662662
2025-05-21,248.2
2025-05-22,248.0
2025-05-23,244.2
2025-05-27,228.8
2025-05-28,218.2
2025-05-29,213.2
2025-05-30,209.9
2025-06-02,202.0
2025-06-03,209.0
2025-06-04,210.0
2025-06-05,198.6
2025-06-06,193.8
2025-06-09,176.6
2025-06-10,170.39999999999998
2025-06-11,166.0
2025-06-12,166.0
2025-06-13,157.0
2025-06-16,157.95
2025-06-17,152.3077632277882
2025-06-18,146.2
2025-06-20,150.0
2025-06-23,153.0
2025-06-24,150.65
2025-06-25,161.51343327610115
2025-06-26,169.0
2025-06-27,159.0
2025-06-30,161.4
2025-07-01,161.5
2025-07-02,155.45
2025-07-03,158.9
2025-07-07,152.89999999999998
2025-07-08,150.9
2025-07-09,147.89999999999998
2025-07-10,135.0
2025-07-11,129.60000000000002
2025-07-14,128.0
2025-07-15,117.45
2025-07-16,131.4
2025-07-17,130.2
2025-07-18,133.4
2025-07-21,132.0
2025-07-22,130.39999999999998
2025-07-23,131.8
2025-07-24,130.2
2025-07-25,132.89999999999998
2025-07-28,132.5
2025-07-29,123.0
2025-07-30,126.0
2025-07-31,124.2
2025-08-01,120.0
2025-08-04,118.4
2025-08-05,116.0
2025-08-06,110.0
2025-08-07,110.0
2025-08-08,114.74531845862333
2025-08-11,129.0
2025-08-12,129.8
2025-08-13,139.0
2025-08-14,139.3
2025-08-15,137.89999999999998
2025-08-18,137.89999999999998
2025-08-19,136.0
2025-08-20,138.0
2025-08-21,144.0
2025-08-22,150.6
2025-08-25,147.0
2025-08-26,144.70000000000002
2025-08-27,142.5
2025-08-28,141.5
2025-08-29,144.0
2025-09-02,136.8
2025-09-03,132.3
2025-09-04,136.9
2025-09-05,142.4
2025-09-08,129.5
2025-09-09,125.5
2025-09-10,122.3
2025-09-11,125.5
2025-09-12,124.9
2025-09-15,122.2
2025-09-16,125.0
2025-09-17,128.0
2025-09-18,129.4
2025-09-19,129.2
2025-09-22,131.1
2025-09-23,129.5
2025-09-24,129.8
2025-09-25,124.1
2025-09-26,124.3
2025-09-29,122.9
2025-09-30,118.9
2025-10-01,119.0
2025-10-02,120.3
2025-10-03,117.2
2025-10-06,116.0
2025-10-07,112.9
2025-10-08,120.6
2025-10-09,122.7
2025-10-10,113.5
2025-10-13,102.5
2025-10-14,103.9
2025-10-15,112.9
2025-10-16,123.5
2025-10-17,125.4
2025-10-20,125.3
2025-10-21,126.5
2025-10-22,127.3
2025-10-23,127.9
2025-10-24,126.9
2025-10-27,130.0
2025-10-28,125.0
2025-10-29,125.0
2025-10-30,125.1
2025-10-31,127.5
2025-11-03,123.5
2025-11-04,124.4
2025-11-05,124.3
2025-11-06,131.0
2025-11-07,131.3
2025-11-10,131.1
2025-11-11,132.5
2025-11-12,130.5
2025-11-13,129.8
2025-11-14,130.2
2025-11-17,130.7
2025-11-18,130.0
2025-11-19,130.29999999999998
2025-11-20,130.8
2025-11-21,130.6
2025-11-24,140.5
2025-11-25,140.0
